DELETE FROM ADDRESS;
DELETE FROM AFFILIATION;
DELETE FROM CREDENTIAL;
DELETE FROM EMAIL;
DELETE FROM FNCTION;
DELETE FROM GROUP_NOTIFICATION;
DELETE FROM GROUP_VISIBLE_MOVIE;
DELETE FROM GROUP_VISIBLE_PHOTO;
DELETE FROM GRP;
DELETE FROM NOTIFICATION;
DELETE FROM INFOMATION;
DELETE FROM MENU;
DELETE FROM MESSAGE;
DELETE FROM MESSAGE_BOARD;
DELETE FROM MOVIE;
DELETE FROM PHOTO;
DELETE FROM REQUEST_STATUS;
DELETE FROM REQUEST;
DELETE FROM USR;

INSERT INTO MENU VALUES ('1000', 'ポータル', '/portal', '2015-01-01 00:00:00.0', '9999-12-31 00:00:00.0', 1, 0, '2015-01-01 00:00:00.0');
INSERT INTO MENU VALUES ('1010', 'ログイン', '/login', '2015-01-01 00:00:00.0', '9999-12-31 00:00:00.0', 0, 0, '2015-01-01 00:00:00.0');
INSERT INTO MENU VALUES ('1020', 'ログアウト', '/logout', '2015-01-01 00:00:00.0', '9999-12-31 00:00:00.0', 1, 0, '2015-01-01 00:00:00.0');
INSERT INTO MENU VALUES ('2000', 'ギャラリー', '/gallery', '2015-01-01 00:00:00.0', '9999-12-31 00:00:00.0', 1, 0, '2015-01-01 00:00:00.0');
INSERT INTO MENU VALUES ('3000', 'チャット', '/chat/portal', '2015-01-01 00:00:00.0', '9999-12-31 00:00:00.0', 1, 0, '2015-01-01 00:00:00.0');
INSERT INTO MENU VALUES ('4000', 'アトラクション', '/attraction', '2017-01-01 00:00:00.0', '9999-12-31 00:00:00.0', 1, 0, '2015-01-01 00:00:00.0');
INSERT INTO MENU VALUES ('8000', 'プロフィール編集', '/profile', '2015-01-01 00:00:00.0', '9999-12-31 00:00:00.0', 1, 0, '2015-01-01 00:00:00.0');
INSERT INTO MENU VALUES ('9000', 'ユーザ管理', '/management/user/portal', '2015-01-01 00:00:00.0', '9999-12-31 00:00:00.0', 8, 0, '2015-01-01 00:00:00.0');
INSERT INTO MENU VALUES ('9010', 'グループ管理', '/management/group/portal', '2015-01-01 00:00:00.0', '9999-12-31 00:00:00.0', 8, 0, '2015-01-01 00:00:00.0');
INSERT INTO MENU VALUES ('9020', 'インフォメーション管理', '/management/infomation/portal', '2015-01-01 00:00:00.0', '9999-12-31 00:00:00.0', 8, 0, '2015-01-01 00:00:00.0');
INSERT INTO MENU VALUES ('9030', '依頼管理', '/management/request/portal', '2015-01-01 00:00:00.0', '9999-12-31 00:00:00.0', 8, 0, '2015-01-01 00:00:00.0');
INSERT INTO MENU VALUES ('0000', '共通', '', '2015-01-01 00:00:00.0', '9999-12-31 00:00:00.0', 9, 0, '2015-01-01 00:00:00.0');

INSERT INTO FNCTION VALUES ('0000', '0000', 'グループ作成', '', '2015-01-01 00:00:00.0', '9999-12-31 00:00:00.0', 1, 0, '2015-01-01 00:00:00.0');
INSERT INTO FNCTION VALUES ('0000', '0001', 'グループ編集', '', '2015-01-01 00:00:00.0', '9999-12-31 00:00:00.0', 1, 0, '2015-01-01 00:00:00.0');
INSERT INTO FNCTION VALUES ('0000', '0002', 'グループ削除', '', '2015-01-01 00:00:00.0', '9999-12-31 00:00:00.0', 1, 0, '2015-01-01 00:00:00.0');
INSERT INTO FNCTION VALUES ('0000', '0010', 'ディレクトリ作成', '', '2015-01-01 00:00:00.0', '9999-12-31 00:00:00.0', 1, 0, '2015-01-01 00:00:00.0');
INSERT INTO FNCTION VALUES ('0000', '0011', 'ディレクトリ編集', '', '2015-01-01 00:00:00.0', '9999-12-31 00:00:00.0', 1, 0, '2015-01-01 00:00:00.0');
INSERT INTO FNCTION VALUES ('0000', '0012', 'ディレクトリ削除', '', '2015-01-01 00:00:00.0', '9999-12-31 00:00:00.0', 1, 0, '2015-01-01 00:00:00.0');
INSERT INTO FNCTION VALUES ('0000', '0020', '依頼回答', '', '2015-01-01 00:00:00.0', '9999-12-31 00:00:00.0', 1, 0, '2015-01-01 00:00:00.0');
INSERT INTO FNCTION VALUES ('0000', '0021', '依頼回答変更', '', '2015-01-01 00:00:00.0', '9999-12-31 00:00:00.0', 1, 0, '2015-01-01 00:00:00.0');
INSERT INTO FNCTION VALUES ('1000', '1000', 'ポータル', '/portal', '2015-01-01 00:00:00.0', '9999-12-31 00:00:00.0', 1, 0, '2015-01-01 00:00:00.0');
INSERT INTO FNCTION VALUES ('1010', '1010', 'ログイン', '/login', '2015-01-01 00:00:00.0', '9999-12-31 00:00:00.0', 0, 0, '2015-01-01 00:00:00.0');
INSERT INTO FNCTION VALUES ('1020', '1020', 'ログアウト', '/logout', '2015-01-01 00:00:00.0', '9999-12-31 00:00:00.0', 1, 0, '2015-01-01 00:00:00.0');
INSERT INTO FNCTION VALUES ('2000', '2000', 'フォト・ムービーギャラリー', '/gallery', '2015-01-01 00:00:00.0', '9999-12-31 00:00:00.0', 1, 0, '2015-01-01 00:00:00.0');
INSERT INTO FNCTION VALUES ('2000', '2010', 'フォト・ムービーアップロード', '/photomovie/upload', '2015-01-01 00:00:00.0', '9999-12-31 00:00:00.0', 1, 0, '2015-01-01 00:00:00.0');
INSERT INTO FNCTION VALUES ('2000', '2011', 'フォト・ムービーダウンロード', '/photomovie/download', '2015-01-01 00:00:00.0', '9999-12-31 00:00:00.0', 1, 0, '2015-01-01 00:00:00.0');
INSERT INTO FNCTION VALUES ('2000', '2012', 'フォト・ムービー削除', '/photomovie/delete', '2015-01-01 00:00:00.0', '9999-12-31 00:00:00.0', 1, 0, '2015-01-01 00:00:00.0');
INSERT INTO FNCTION VALUES ('3000', '3000', 'チャットポータル', '/chat/portal', '2015-01-01 00:00:00.0', '9999-12-31 00:00:00.0', 1, 0, '2015-01-01 00:00:00.0');
INSERT INTO FNCTION VALUES ('3000', '3010', 'メッセージボード作成', '/chat/messageboard/new', '2015-01-01 00:00:00.0', '9999-12-31 00:00:00.0', 1, 0, '2015-01-01 00:00:00.0');
INSERT INTO FNCTION VALUES ('3000', '3011', 'メッセージボード編集', '/chat/messageboard/edit', '2015-01-01 00:00:00.0', '9999-12-31 00:00:00.0', 1, 0, '2015-01-01 00:00:00.0');
INSERT INTO FNCTION VALUES ('3000', '3012', 'メッセージボード削除', '/chat/messageboard/delete', '2015-01-01 00:00:00.0', '9999-12-31 00:00:00.0', 1, 0, '2015-01-01 00:00:00.0');
INSERT INTO FNCTION VALUES ('8000', '8000', 'プロフィール確認', '/profile', '2015-01-01 00:00:00.0', '9999-12-31 00:00:00.0', 1, 0, '2015-01-01 00:00:00.0');
INSERT INTO FNCTION VALUES ('8000', '8010', 'プロフィール変更', '/edit/profile', '2015-01-01 00:00:00.0', '9999-12-31 00:00:00.0', 1, 0, '2015-01-01 00:00:00.0');
INSERT INTO FNCTION VALUES ('9000', '9000', 'ユーザ管理ポータル', '/management/user/portal', '2015-01-01 00:00:00.0', '9999-12-31 00:00:00.0', 8, 0, '2015-01-01 00:00:00.0');
INSERT INTO FNCTION VALUES ('9000', '9001', 'ユーザ作成', '/management/user/new', '2015-01-01 00:00:00.0', '9999-12-31 00:00:00.0', 8, 0, '2015-01-01 00:00:00.0');
INSERT INTO FNCTION VALUES ('9000', '9002', 'ユーザ編集', '/management/user/edit', '2015-01-01 00:00:00.0', '9999-12-31 00:00:00.0', 8, 0, '2015-01-01 00:00:00.0');
INSERT INTO FNCTION VALUES ('9000', '9003', 'ユーザ削除', '/management/user/delete', '2015-01-01 00:00:00.0', '9999-12-31 00:00:00.0', 8, 0, '2015-01-01 00:00:00.0');
INSERT INTO FNCTION VALUES ('9000', '9004', 'ユーザ情報一括エクスポート', '/management/user/export', '2015-01-01 00:00:00.0', '9999-12-31 00:00:00.0', 8, 0, '2015-01-01 00:00:00.0');
INSERT INTO FNCTION VALUES ('9010', '9010', 'グループ管理ポータル', '/management/group/portal', '2015-01-01 00:00:00.0', '9999-12-31 00:00:00.0', 8, 0, '2015-01-01 00:00:00.0');
INSERT INTO FNCTION VALUES ('9010', '9011', 'グループ作成', '/management/group/new', '2015-01-01 00:00:00.0', '9999-12-31 00:00:00.0', 8, 0, '2015-01-01 00:00:00.0');
INSERT INTO FNCTION VALUES ('9010', '9012', 'グループ編集', '/management/group/edit', '2015-01-01 00:00:00.0', '9999-12-31 00:00:00.0', 8, 0, '2015-01-01 00:00:00.0');
INSERT INTO FNCTION VALUES ('9010', '9013', 'グループ削除', '/management/group/delete', '2015-01-01 00:00:00.0', '9999-12-31 00:00:00.0', 8, 0, '2015-01-01 00:00:00.0');
INSERT INTO FNCTION VALUES ('9020', '9020', 'インフォメーション管理ポータル', '/management/infomation/portal', '2015-01-01 00:00:00.0', '9999-12-31 00:00:00.0', 8, 0, '2015-01-01 00:00:00.0');
INSERT INTO FNCTION VALUES ('9020', '9021', 'インフォメーション作成', '/management/infomation/new', '2015-01-01 00:00:00.0', '9999-12-31 00:00:00.0', 8, 0, '2015-01-01 00:00:00.0');
INSERT INTO FNCTION VALUES ('9020', '9022', 'インフォメーション変更', '/management/infomation/edit', '2015-01-01 00:00:00.0', '9999-12-31 00:00:00.0', 8, 0, '2015-01-01 00:00:00.0');
INSERT INTO FNCTION VALUES ('9020', '9023', 'インフォメーション削除', '/management/infomation/delete', '2015-01-01 00:00:00.0', '9999-12-31 00:00:00.0', 8, 0, '2015-01-01 00:00:00.0');
INSERT INTO FNCTION VALUES ('9020', '9024', 'インフォメーション閲覧状況確認', '/management/infomation/confirm/access', '2015-01-01 00:00:00.0', '9999-12-31 00:00:00.0', 8, 0, '2015-01-01 00:00:00.0');
INSERT INTO FNCTION VALUES ('9030', '9030', '依頼管理ポータル', '/request/status', '2015-01-01 00:00:00.0', '9999-12-31 00:00:00.0', 8, 0, '2015-01-01 00:00:00.0');
INSERT INTO FNCTION VALUES ('9030', '9031', '依頼作成', 'request/new', '2015-01-01 00:00:00.0', '9999-12-31 00:00:00.0', 8, 0, '2015-01-01 00:00:00.0');
INSERT INTO FNCTION VALUES ('9030', '9032', '依頼変更', '/request/edit', '2015-01-01 00:00:00.0', '9999-12-31 00:00:00.0', 8, 0, '2015-01-01 00:00:00.0');
INSERT INTO FNCTION VALUES ('9030', '9033', '依頼削除', '/request/delete', '2015-01-01 00:00:00.0', '9999-12-31 00:00:00.0', 8, 0, '2015-01-01 00:00:00.0');
INSERT INTO FNCTION VALUES ('9030', '9034', '依頼状況一括エクスポート', '/request/export', '2015-01-01 00:00:00.0', '9999-12-31 00:00:00.0', 8, 0, '2015-01-01 00:00:00.0');

INSERT INTO INFOMATION VALUES('00000000', '新郎・新婦からのご挨拶', 'info/00000000_message.jsp', '2015-01-01 00:00:00.0', '2015-01-01 00:00:00.0', 0, '2015-01-01 00:00:00.0');
INSERT INTO INFOMATION VALUES('00000001', '結婚式のご案内及び事前出席確認', 'info/00000001_guide_ceremony.jsp', '2015-01-01 00:00:00.0', '2015-01-01 00:00:00.0', 0, '2015-01-01 00:00:00.0');
INSERT INTO INFOMATION VALUES('00000002', '披露宴のご案内及び事前出席確認', 'info/00000002_guide_party.jsp', '2015-01-01 00:00:00.0', '2015-01-01 00:00:00.0', 0, '2015-01-01 00:00:00.0');
INSERT INTO INFOMATION VALUES('00000003', 'ご宿泊を希望する皆様へ', 'info/00000003_ask_if_staying_hotel.jsp', '2015-01-01 00:00:00.0', '2015-01-01 00:00:00.0', 0, '2015-01-01 00:00:00.0');
INSERT INTO INFOMATION VALUES('00000004', '新郎・新婦へメッセージの寄稿のお願い', 'info/00000004_request_message.jsp', '2015-01-01 00:00:00.0', '2015-01-01 00:00:00.0', 0, '2015-01-01 00:00:00.0');
INSERT INTO INFOMATION VALUES('00000005', '結婚式当日の乾杯音頭のお願い', 'info/00000005_request_pledge.jsp', '2015-01-01 00:00:00.0', '2015-01-01 00:00:00.0', 0, '2015-01-01 00:00:00.0');
INSERT INTO INFOMATION VALUES('00000006', '結婚式当日のスピーチのお願い', 'info/00000006_request_speech.jsp', '2015-01-01 00:00:00.0', '2015-01-01 00:00:00.0', 0, '2015-01-01 00:00:00.0');
INSERT INTO INFOMATION VALUES('00000007', '結婚式当日の友人代表スピーチのお願い', 'info/00000007_request_speech_of_friend.jsp', '2015-01-01 00:00:00.0', '2015-01-01 00:00:00.0', 0, '2015-01-01 00:00:00.0');
INSERT INTO INFOMATION VALUES('00000008', 'フォト・ムービーの共有のお願い', 'info/00000008_request_sharing_photomovie.jsp', '2015-01-01 00:00:00.0', '2015-01-01 00:00:00.0', 0, '2015-01-01 00:00:00.0');
INSERT INTO INFOMATION VALUES('00000009', '豪華景品が当たる！結婚式事前クイズ！', 'info/00000009_question_wedding.jsp', '2015-01-01 00:00:00.0', '2017-01-01 00:00:00.0', 0, '2015-01-01 00:00:00.0');
INSERT INTO INFOMATION VALUES('00000010', '結婚式２次会のご案内及び事前出席確認', 'info/00000010_guide_second_party.jsp', '2015-01-01 00:00:00.0', '2015-01-01 00:00:00.0', 0, '2015-01-01 00:00:00.0');
INSERT INTO INFOMATION VALUES('00000011', '結婚式当日のサイト運営ご協力のお願い', 'info/00000011_request_help_operation_website_for_ceremony.jsp', '2015-01-01 00:00:00.0', '2015-01-01 00:00:00.0', 0, '2015-01-01 00:00:00.0');
INSERT INTO INFOMATION VALUES('00000012', '結婚式当日の受付のお願い', 'info/00000012_request_help_clerk_for_ceremony.jsp', '2015-01-01 00:00:00.0', '2015-01-01 00:00:00.0', 0, '2015-01-01 00:00:00.0');
INSERT INTO INFOMATION VALUES('00000013', '結婚式2次会のサイト運営のお願い', 'info/00000013_request_help_operation_website_for_secondparty.jsp', '2015-01-01 00:00:00.0', '2015-01-01 00:00:00.0', 0, '2015-01-01 00:00:00.0');
INSERT INTO INFOMATION VALUES('00000014', '結婚式2次会の受付のお願い', 'info/00000014_request_help_clerk_for_secondparty.jsp', '2015-01-01 00:00:00.0', '2015-01-01 00:00:00.0', 0, '2015-01-01 00:00:00.0');
INSERT INTO INFOMATION VALUES('00000015', '宿泊先のご案内', 'info/00000015_announce_staying_hotel.jsp', '2015-01-01 00:00:00.0', '2017-02-01 00:00:00.0', 0, '2015-01-01 00:00:00.0');

INSERT INTO USR VALUES('00000000', '(ΦωΦ)', 'org.debugroom', '/resources/app/img/debugroom.png', 9, '2015-01-01 00:00:00.0', 0, '2015-01-01 00:00:00.0');
INSERT INTO USR VALUES('00000001', '今夜がやまだ', 'konyagayamada', '/resources/app/img/konyagayamada.png', 1, '2015-01-01 00:00:00.0', 0, '2015-01-01 00:00:00.0');
INSERT INTO USR VALUES('00000002', '本屋がやまだ', 'honyagayamada', '/resources/app/honyagayamada.png', 1, '2015-01-01 00:00:00.0', 0, '2015-01-01 00:00:00.0');
INSERT INTO USR VALUES('00000003', '上司がやまだ', 'joushigayamada', '/resources/app/joushigayamda.png', 1, '2015-01-01 00:00:00.0', 0, '2015-01-01 00:00:00.0');
INSERT INTO USR VALUES('00000004', 'アップ', 'up', '/resources/app/joushigayamda.png', 1, '2015-01-01 00:00:00.0', 0, '2015-01-01 00:00:00.0');
INSERT INTO USR VALUES('00000005', 'ダウン', 'down', '/resources/app/joushigayamda.png', 1, '2015-01-01 00:00:00.0', 0, '2015-01-01 00:00:00.0');
INSERT INTO USR VALUES('00000006', 'チャーム', 'charm', '/resources/app/joushigayamda.png', 1, '2015-01-01 00:00:00.0', 0, '2015-01-01 00:00:00.0');
INSERT INTO USR VALUES('00000007', 'ストレンジ', 'strange', '/resources/app/joushigayamda.png', 1, '2015-01-01 00:00:00.0', 0, '2015-01-01 00:00:00.0');
INSERT INTO USR VALUES('00000008', 'トップ', 'top', '/resources/app/joushigayamda.png', 1, '2015-01-01 00:00:00.0', 0, '2015-01-01 00:00:00.0');
INSERT INTO USR VALUES('00000009', 'ボトム', 'bottom', '/resources/app/joushigayamda.png', 1, '2015-01-01 00:00:00.0', 0, '2015-01-01 00:00:00.0');
INSERT INTO USR VALUES('00000010', '電子', 'electron', '/resources/app/joushigayamda.png', 1, '2015-01-01 00:00:00.0', 0, '2015-01-01 00:00:00.0');
INSERT INTO USR VALUES('00000011', '陽電子', 'positron', '/resources/app/joushigayamda.png', 1, '2015-01-01 00:00:00.0', 0, '2015-01-01 00:00:00.0');
INSERT INTO USR VALUES('00000012', 'ミュー粒子', 'muon', '/resources/app/joushigayamda.png', 1, '2015-01-01 00:00:00.0', 0, '2015-01-01 00:00:00.0');
INSERT INTO USR VALUES('00000013', 'タウ粒子', 'tauon', '/resources/app/joushigayamda.png', 1, '2015-01-01 00:00:00.0', 0, '2015-01-01 00:00:00.0');
INSERT INTO USR VALUES('00000014', '電子ニュートリノ', 'electron-neutrino', '/resources/app/joushigayamda.png', 1, '2015-01-01 00:00:00.0', 0, '2015-01-01 00:00:00.0');
INSERT INTO USR VALUES('00000015', 'ミューニュートリノ', 'muon-neutrino', '/resources/app/joushigayamda.png', 1, '2015-01-01 00:00:00.0', 0, '2015-01-01 00:00:00.0');
INSERT INTO USR VALUES('00000016', 'タウニュートリノ', 'tauon-neutrino', '/resources/app/joushigayamda.png', 1, '2015-01-01 00:00:00.0', 0, '2015-01-01 00:00:00.0');
INSERT INTO USR VALUES('00000017', '光子', 'photon', '/resources/app/joushigayamda.png', 1, '2015-01-01 00:00:00.0', 0, '2015-01-01 00:00:00.0');
INSERT INTO USR VALUES('00000018', 'ウィークボソン', 'weak-boson', '/resources/app/joushigayamda.png', 1, '2015-01-01 00:00:00.0', 0, '2015-01-01 00:00:00.0');
INSERT INTO USR VALUES('00000019', 'グルーオン', 'gluon', '/resources/app/joushigayamda.png', 1, '2015-01-01 00:00:00.0', 0, '2015-01-01 00:00:00.0');
INSERT INTO USR VALUES('00000020', 'グラビトン', 'graviton', '/resources/app/joushigayamda.png', 1, '2015-01-01 00:00:00.0', 0, '2015-01-01 00:00:00.0');
INSERT INTO USR VALUES('00000021', 'ヒッグス粒子', 'higgs-boson', '/resources/app/joushigayamda.png', 1, '2015-01-01 00:00:00.0', 0, '2015-01-01 00:00:00.0');

INSERT INTO ADDRESS VALUES('00000000', '123-4567', '東京都千代田区1-1-1', 0, '2015-01-01 00:00:00.0');
INSERT INTO ADDRESS VALUES('00000001', '234-5678', '東京都中央区1-1-1', 0, '2015-01-01 00:00:00.0');
INSERT INTO ADDRESS VALUES('00000002', '345-6789', '東京都港区1-1-1', 0, '2015-01-01 00:00:00.0');
INSERT INTO ADDRESS VALUES('00000003', '456-7890', '東京都新宿区1-1-1', 0, '2015-01-01 00:00:00.0');
INSERT INTO ADDRESS VALUES('00000004', '567-8901', '東京都文京区1-1-1', 0, '2015-01-01 00:00:00.0');
INSERT INTO ADDRESS VALUES('00000005', '678-9012', '東京都台東区1-1-1', 0, '2015-01-01 00:00:00.0');
INSERT INTO ADDRESS VALUES('00000006', '789-0123', '東京都墨田区1-1-1', 0, '2015-01-01 00:00:00.0');
INSERT INTO ADDRESS VALUES('00000007', '890-1234', '東京都江東区1-1-1', 0, '2015-01-01 00:00:00.0');
INSERT INTO ADDRESS VALUES('00000008', '901-2345', '東京都品川区1-1-1', 0, '2015-01-01 00:00:00.0');
INSERT INTO ADDRESS VALUES('00000009', '012-3456', '東京都目黒区1-1-1', 0, '2015-01-01 00:00:00.0');
INSERT INTO ADDRESS VALUES('00000010', '012-3456', '東京都太田区1-1-1', 0, '2015-01-01 00:00:00.0');
INSERT INTO ADDRESS VALUES('00000011', '012-3456', '東京都世田谷区1-1-1', 0, '2015-01-01 00:00:00.0');
INSERT INTO ADDRESS VALUES('00000012', '012-3456', '東京都渋谷区1-1-1', 0, '2015-01-01 00:00:00.0');
INSERT INTO ADDRESS VALUES('00000013', '012-3456', '東京都中野区1-1-1', 0, '2015-01-01 00:00:00.0');
INSERT INTO ADDRESS VALUES('00000014', '012-3456', '東京都杉並区1-1-1', 0, '2015-01-01 00:00:00.0');
INSERT INTO ADDRESS VALUES('00000015', '012-3456', '東京都豊島区1-1-1', 0, '2015-01-01 00:00:00.0');
INSERT INTO ADDRESS VALUES('00000016', '012-3456', '東京都北区1-1-1', 0, '2015-01-01 00:00:00.0');
INSERT INTO ADDRESS VALUES('00000017', '012-3456', '東京都荒川区1-1-1', 0, '2015-01-01 00:00:00.0');
INSERT INTO ADDRESS VALUES('00000018', '012-3456', '東京都板橋区1-1-1', 0, '2015-01-01 00:00:00.0');
INSERT INTO ADDRESS VALUES('00000019', '012-3456', '東京都練馬区1-1-1', 0, '2015-01-01 00:00:00.0');
INSERT INTO ADDRESS VALUES('00000020', '012-3456', '東京都足立区1-1-1', 0, '2015-01-01 00:00:00.0');
INSERT INTO ADDRESS VALUES('00000021', '012-3456', '東京都葛飾区1-1-1', 0, '2015-01-01 00:00:00.0');

INSERT INTO EMAIL VALUES('00000000', 0, '00000000abc@debugroom.org', 0, '2015-01-01 00:00:00.0');
INSERT INTO EMAIL VALUES('00000000', 1, '00000000efg@debugroom.org', 0, '2015-01-01 00:00:00.0');
INSERT INTO EMAIL VALUES('00000001', 0, '00000001abc@debugroom.org', 0, '2015-01-01 00:00:00.0');
INSERT INTO EMAIL VALUES('00000001', 1, '00000001efg@debugroom.org', 0, '2015-01-01 00:00:00.0');
INSERT INTO EMAIL VALUES('00000002', 0, '00000002abc@debugroom.org', 0, '2015-01-01 00:00:00.0');
INSERT INTO EMAIL VALUES('00000002', 1, '00000002efg@debugroom.org', 0, '2015-01-01 00:00:00.0');
INSERT INTO EMAIL VALUES('00000003', 0, '00000003abc@debugroom.org', 0, '2015-01-01 00:00:00.0');
INSERT INTO EMAIL VALUES('00000003', 1, '00000003efg@debugroom.org', 0, '2015-01-01 00:00:00.0');
INSERT INTO EMAIL VALUES('00000004', 0, '00000004abc@debugroom.org', 0, '2015-01-01 00:00:00.0');
INSERT INTO EMAIL VALUES('00000004', 1, '00000004efg@debugroom.org', 0, '2015-01-01 00:00:00.0');
INSERT INTO EMAIL VALUES('00000005', 0, '00000005abc@debugroom.org', 0, '2015-01-01 00:00:00.0');
INSERT INTO EMAIL VALUES('00000005', 1, '00000005efg@debugroom.org', 0, '2015-01-01 00:00:00.0');
INSERT INTO EMAIL VALUES('00000006', 0, '00000006abc@debugroom.org', 0, '2015-01-01 00:00:00.0');
INSERT INTO EMAIL VALUES('00000006', 1, '00000006efg@debugroom.org', 0, '2015-01-01 00:00:00.0');
INSERT INTO EMAIL VALUES('00000007', 0, '00000007abc@debugroom.org', 0, '2015-01-01 00:00:00.0');
INSERT INTO EMAIL VALUES('00000007', 1, '00000007efg@debugroom.org', 0, '2015-01-01 00:00:00.0');
INSERT INTO EMAIL VALUES('00000008', 0, '00000008abc@debugroom.org', 0, '2015-01-01 00:00:00.0');
INSERT INTO EMAIL VALUES('00000008', 1, '00000008efg@debugroom.org', 0, '2015-01-01 00:00:00.0');
INSERT INTO EMAIL VALUES('00000009', 0, '00000009abc@debugroom.org', 0, '2015-01-01 00:00:00.0');
INSERT INTO EMAIL VALUES('00000009', 1, '00000009efg@debugroom.org', 0, '2015-01-01 00:00:00.0');

INSERT INTO CREDENTIAL VALUES('00000000', 'PASSWORD', '123456789qwertyuiop', '2017-01-01 00:00:00.0', 0, '2015-01-01 00:00:00.0');
INSERT INTO CREDENTIAL VALUES('00000000', 'ACCESSTOKEN', '987654321poiuytrewq', '2016-01-01 00:00:00.0', 0, '2015-01-01 00:00:00.0');
INSERT INTO CREDENTIAL VALUES('00000001', 'PASSWORD', '123456789qwertyuiop', '2017-01-01 00:00:00.0', 0, '2015-01-01 00:00:00.0');
INSERT INTO CREDENTIAL VALUES('00000001', 'ACCESSTOKEN', '987654321poiuytrewq', '2016-01-01 00:00:00.0', 0, '2015-01-01 00:00:00.0');
INSERT INTO CREDENTIAL VALUES('00000002', 'PASSWORD', '123456789qwertyuiop', '2017-01-01 00:00:00.0', 0, '2015-01-01 00:00:00.0');
INSERT INTO CREDENTIAL VALUES('00000002', 'ACCESSTOKEN', '987654321poiuytrewq', '2016-01-01 00:00:00.0', 0, '2015-01-01 00:00:00.0');
INSERT INTO CREDENTIAL VALUES('00000003', 'PASSWORD', '123456789qwertyuiop', '2017-01-01 00:00:00.0', 0, '2015-01-01 00:00:00.0');
INSERT INTO CREDENTIAL VALUES('00000003', 'ACCESSTOKEN', '987654321poiuytrewq', '2016-01-01 00:00:00.0', 0, '2015-01-01 00:00:00.0');
INSERT INTO CREDENTIAL VALUES('00000004', 'PASSWORD', '123456789qwertyuiop', '2017-01-01 00:00:00.0', 0, '2015-01-01 00:00:00.0');
INSERT INTO CREDENTIAL VALUES('00000004', 'ACCESSTOKEN', '987654321poiuytrewq', '2016-01-01 00:00:00.0', 0, '2015-01-01 00:00:00.0');
INSERT INTO CREDENTIAL VALUES('00000005', 'PASSWORD', '123456789qwertyuiop', '2017-01-01 00:00:00.0', 0, '2015-01-01 00:00:00.0');
INSERT INTO CREDENTIAL VALUES('00000005', 'ACCESSTOKEN', '987654321poiuytrewq', '2016-01-01 00:00:00.0', 0, '2015-01-01 00:00:00.0');
INSERT INTO CREDENTIAL VALUES('00000006', 'PASSWORD', '123456789qwertyuiop', '2017-01-01 00:00:00.0', 0, '2015-01-01 00:00:00.0');
INSERT INTO CREDENTIAL VALUES('00000006', 'ACCESSTOKEN', '987654321poiuytrewq', '2016-01-01 00:00:00.0', 0, '2015-01-01 00:00:00.0');
INSERT INTO CREDENTIAL VALUES('00000007', 'PASSWORD', '123456789qwertyuiop', '2017-01-01 00:00:00.0', 0, '2015-01-01 00:00:00.0');
INSERT INTO CREDENTIAL VALUES('00000007', 'ACCESSTOKEN', '987654321poiuytrewq', '2016-01-01 00:00:00.0', 0, '2015-01-01 00:00:00.0');
INSERT INTO CREDENTIAL VALUES('00000008', 'PASSWORD', '123456789qwertyuiop', '2017-01-01 00:00:00.0', 0, '2015-01-01 00:00:00.0');
INSERT INTO CREDENTIAL VALUES('00000008', 'ACCESSTOKEN', '987654321poiuytrewq', '2016-01-01 00:00:00.0', 0, '2015-01-01 00:00:00.0');
INSERT INTO CREDENTIAL VALUES('00000009', 'PASSWORD', '123456789qwertyuiop', '2017-01-01 00:00:00.0', 0, '2015-01-01 00:00:00.0');
INSERT INTO CREDENTIAL VALUES('00000009', 'ACCESSTOKEN', '987654321poiuytrewq', '2016-01-01 00:00:00.0', 0, '2015-01-01 00:00:00.0');

INSERT INTO NOTIFICATION VALUES('00000000', '00000001', false, 0, '2015-01-01 00:00:00.0');
INSERT INTO NOTIFICATION VALUES('00000001', '00000001', false, 0, '2015-01-01 00:00:00.0');
INSERT INTO NOTIFICATION VALUES('00000002', '00000001', false, 0, '2015-01-01 00:00:00.0');
INSERT INTO NOTIFICATION VALUES('00000003', '00000001', false, 0, '2015-01-01 00:00:00.0');
INSERT INTO NOTIFICATION VALUES('00000004', '00000001', false, 0, '2015-01-01 00:00:00.0');
INSERT INTO NOTIFICATION VALUES('00000007', '00000001', false, 0, '2015-01-01 00:00:00.0');
INSERT INTO NOTIFICATION VALUES('00000008', '00000001', false, 0, '2015-01-01 00:00:00.0');
INSERT INTO NOTIFICATION VALUES('00000009', '00000001', false, 0, '2015-01-01 00:00:00.0');
INSERT INTO NOTIFICATION VALUES('00000010', '00000001', false, 0, '2015-01-01 00:00:00.0');
INSERT INTO NOTIFICATION VALUES('00000011', '00000001', false, 0, '2015-01-01 00:00:00.0');
INSERT INTO NOTIFICATION VALUES('00000013', '00000001', false, 0, '2015-01-01 00:00:00.0');
INSERT INTO NOTIFICATION VALUES('00000015', '00000001', false, 0, '2015-01-01 00:00:00.0');
INSERT INTO NOTIFICATION VALUES('00000000', '00000002', false, 0, '2015-01-01 00:00:00.0');
INSERT INTO NOTIFICATION VALUES('00000001', '00000002', false, 0, '2015-01-01 00:00:00.0');
INSERT INTO NOTIFICATION VALUES('00000002', '00000002', false, 0, '2015-01-01 00:00:00.0');
INSERT INTO NOTIFICATION VALUES('00000003', '00000002', false, 0, '2015-01-01 00:00:00.0');
INSERT INTO NOTIFICATION VALUES('00000004', '00000002', false, 0, '2015-01-01 00:00:00.0');
INSERT INTO NOTIFICATION VALUES('00000008', '00000002', false, 0, '2015-01-01 00:00:00.0');
INSERT INTO NOTIFICATION VALUES('00000009', '00000002', false, 0, '2015-01-01 00:00:00.0');
INSERT INTO NOTIFICATION VALUES('00000010', '00000002', false, 0, '2015-01-01 00:00:00.0');
INSERT INTO NOTIFICATION VALUES('00000012', '00000002', false, 0, '2015-01-01 00:00:00.0');
INSERT INTO NOTIFICATION VALUES('00000014', '00000002', false, 0, '2015-01-01 00:00:00.0');
INSERT INTO NOTIFICATION VALUES('00000015', '00000002', false, 0, '2015-01-01 00:00:00.0');
INSERT INTO NOTIFICATION VALUES('00000000', '00000003', false, 0, '2015-01-01 00:00:00.0');
INSERT INTO NOTIFICATION VALUES('00000002', '00000003', false, 0, '2015-01-01 00:00:00.0');
INSERT INTO NOTIFICATION VALUES('00000004', '00000003', false, 0, '2015-01-01 00:00:00.0');
INSERT INTO NOTIFICATION VALUES('00000005', '00000003', false, 0, '2015-01-01 00:00:00.0');
INSERT INTO NOTIFICATION VALUES('00000006', '00000003', false, 0, '2015-01-01 00:00:00.0');
INSERT INTO NOTIFICATION VALUES('00000008', '00000003', false, 0, '2015-01-01 00:00:00.0');
INSERT INTO NOTIFICATION VALUES('00000009', '00000003', false, 0, '2015-01-01 00:00:00.0');
INSERT INTO NOTIFICATION VALUES('00000000', '00000004', false, 0, '2015-01-01 00:00:00.0');
INSERT INTO NOTIFICATION VALUES('00000002', '00000004', false, 0, '2015-01-01 00:00:00.0');
INSERT INTO NOTIFICATION VALUES('00000000', '00000005', false, 0, '2015-01-01 00:00:00.0');
INSERT INTO NOTIFICATION VALUES('00000002', '00000005', false, 0, '2015-01-01 00:00:00.0');
INSERT INTO NOTIFICATION VALUES('00000000', '00000006', false, 0, '2015-01-01 00:00:00.0');
INSERT INTO NOTIFICATION VALUES('00000002', '00000006', false, 0, '2015-01-01 00:00:00.0');
INSERT INTO NOTIFICATION VALUES('00000000', '00000007', false, 0, '2015-01-01 00:00:00.0');
INSERT INTO NOTIFICATION VALUES('00000002', '00000007', false, 0, '2015-01-01 00:00:00.0');
INSERT INTO NOTIFICATION VALUES('00000000', '00000008', false, 0, '2015-01-01 00:00:00.0');
INSERT INTO NOTIFICATION VALUES('00000002', '00000008', false, 0, '2015-01-01 00:00:00.0');
INSERT INTO NOTIFICATION VALUES('00000000', '00000009', false, 0, '2015-01-01 00:00:00.0');
INSERT INTO NOTIFICATION VALUES('00000002', '00000009', false, 0, '2015-01-01 00:00:00.0');

INSERT INTO GRP VALUES('0000000000', 'ChikenBoys1', 0, '2015-01-01 00:00:00.0');
INSERT INTO GRP VALUES('0000000001', 'ChikenBoys2', 0, '2015-01-01 00:00:00.0');
INSERT INTO GRP VALUES('0000000002', 'ChikenBoys3', 0, '2015-01-01 00:00:00.0');
INSERT INTO GRP VALUES('0000000003', 'ChikenBoys4', 0, '2015-01-01 00:00:00.0');
INSERT INTO GRP VALUES('0000000004', 'ChikenBoys5', 0, '2015-01-01 00:00:00.0');
INSERT INTO GRP VALUES('0000000005', 'ChikenBoys6', 0, '2015-01-01 00:00:00.0');
INSERT INTO GRP VALUES('0000000006', 'ChikenBoys7', 0, '2015-01-01 00:00:00.0');
INSERT INTO GRP VALUES('0000000007', 'ChikenBoys8', 0, '2015-01-01 00:00:00.0');
INSERT INTO GRP VALUES('0000000008', 'ChikenBoys9', 0, '2015-01-01 00:00:00.0');
INSERT INTO GRP VALUES('0000000009', 'ChikenBoys10', 0, '2015-01-01 00:00:00.0');
INSERT INTO GRP VALUES('0000000010', 'ChikenBoys11', 0, '2015-01-01 00:00:00.0');

INSERT INTO AFFILIATION VALUES('0000000000', '00000000',  0, '2015-01-01 00:00:00.0');
INSERT INTO AFFILIATION VALUES('0000000000', '00000001',  0, '2015-01-01 00:00:00.0');
INSERT INTO AFFILIATION VALUES('0000000000', '00000002',  0, '2015-01-01 00:00:00.0');
INSERT INTO AFFILIATION VALUES('0000000000', '00000003',  0, '2015-01-01 00:00:00.0');
INSERT INTO AFFILIATION VALUES('0000000000', '00000004',  0, '2015-01-01 00:00:00.0');
INSERT INTO AFFILIATION VALUES('0000000001', '00000000',  0, '2015-01-01 00:00:00.0');
INSERT INTO AFFILIATION VALUES('0000000001', '00000001',  0, '2015-01-01 00:00:00.0');
INSERT INTO AFFILIATION VALUES('0000000001', '00000002',  0, '2015-01-01 00:00:00.0');
INSERT INTO AFFILIATION VALUES('0000000001', '00000003',  0, '2015-01-01 00:00:00.0');
INSERT INTO AFFILIATION VALUES('0000000001', '00000004',  0, '2015-01-01 00:00:00.0');
INSERT INTO AFFILIATION VALUES('0000000002', '00000005',  0, '2015-01-01 00:00:00.0');
INSERT INTO AFFILIATION VALUES('0000000002', '00000006',  0, '2015-01-01 00:00:00.0');
INSERT INTO AFFILIATION VALUES('0000000002', '00000007',  0, '2015-01-01 00:00:00.0');
INSERT INTO AFFILIATION VALUES('0000000002', '00000008',  0, '2015-01-01 00:00:00.0');
INSERT INTO AFFILIATION VALUES('0000000002', '00000009',  0, '2015-01-01 00:00:00.0');
INSERT INTO AFFILIATION VALUES('0000000003', '00000010',  0, '2015-01-01 00:00:00.0');
INSERT INTO AFFILIATION VALUES('0000000003', '00000011',  0, '2015-01-01 00:00:00.0');
INSERT INTO AFFILIATION VALUES('0000000003', '00000012',  0, '2015-01-01 00:00:00.0');
INSERT INTO AFFILIATION VALUES('0000000003', '00000013',  0, '2015-01-01 00:00:00.0');
INSERT INTO AFFILIATION VALUES('0000000003', '00000014',  0, '2015-01-01 00:00:00.0');
INSERT INTO AFFILIATION VALUES('0000000004', '00000015',  0, '2015-01-01 00:00:00.0');
INSERT INTO AFFILIATION VALUES('0000000004', '00000016',  0, '2015-01-01 00:00:00.0');
INSERT INTO AFFILIATION VALUES('0000000004', '00000017',  0, '2015-01-01 00:00:00.0');
INSERT INTO AFFILIATION VALUES('0000000004', '00000018',  0, '2015-01-01 00:00:00.0');
INSERT INTO AFFILIATION VALUES('0000000004', '00000019',  0, '2015-01-01 00:00:00.0');