DELETE FROM ADDRESS;
DELETE FROM AFFILIATION;
DELETE FROM CREDENTIAL;
DELETE FROM EMAIL;
DELETE FROM FNCTION;
DELETE FROM GROUP_NOTIFICATION;
DELETE FROM GROUP_VISIBLE_MOVIE;
DELETE FROM GROUP_VISIBLE_PHOTO;
DELETE FROM GRP;
DELETE FROM NOTIFICATION;
DELETE FROM INFOMATION;
DELETE FROM MENU;
DELETE FROM MESSAGE;
DELETE FROM MESSAGE_BOARD;
DELETE FROM MOVIE;
DELETE FROM PHOTO;
DELETE FROM REQUEST_STATUS;
DELETE FROM REQUEST;
DELETE FROM USR;

INSERT INTO MENU VALUES ('1000', 'ポータル', '/portal', '2015-01-01 00:00:00.0', '9999-12-31 00:00:00.0', 1);
INSERT INTO MENU VALUES ('1010', 'ログイン', '/login', '2015-01-01 00:00:00.0', '9999-12-31 00:00:00.0', 0);
INSERT INTO MENU VALUES ('1020', 'ログアウト', '/logout', '2015-01-01 00:00:00.0', '9999-12-31 00:00:00.0', 1);
INSERT INTO MENU VALUES ('2000', 'ギャラリー', '/gallery', '2015-01-01 00:00:00.0', '9999-12-31 00:00:00.0', 1);
INSERT INTO MENU VALUES ('3000', 'チャット', '/chat/portal', '2015-01-01 00:00:00.0', '9999-12-31 00:00:00.0', 1);
INSERT INTO MENU VALUES ('4000', 'アトラクション', '/attraction', '2017-01-01 00:00:00.0', '9999-12-31 00:00:00.0', 1);
INSERT INTO MENU VALUES ('8000', 'プロフィール編集', '/profile', '2015-01-01 00:00:00.0', '9999-12-31 00:00:00.0', 1);
INSERT INTO MENU VALUES ('9000', 'ユーザ管理', '/usermanagement/portal', '2015-01-01 00:00:00.0', '9999-12-31 00:00:00.0', 8);
INSERT INTO MENU VALUES ('9010', 'インフォメーション管理', '/infomationmanagement/portal', '2015-01-01 00:00:00.0', '9999-12-31 00:00:00.0', 8);
INSERT INTO MENU VALUES ('9020', '依頼管理', '/infomationmanagement/portal', '2015-01-01 00:00:00.0', '9999-12-31 00:00:00.0', 8);
INSERT INTO MENU VALUES ('0000', '共通', '', '2015-01-01 00:00:00.0', '9999-12-31 00:00:00.0', 9);

INSERT INTO FNCTION VALUES ('0000', '0000', 'グループ作成', '', '2015-01-01 00:00:00.0', '9999-12-31 00:00:00.0', 1);
INSERT INTO FNCTION VALUES ('0000', '0001', 'グループ編集', '', '2015-01-01 00:00:00.0', '9999-12-31 00:00:00.0', 1);
INSERT INTO FNCTION VALUES ('0000', '0002', 'グループ削除', '', '2015-01-01 00:00:00.0', '9999-12-31 00:00:00.0', 1);
INSERT INTO FNCTION VALUES ('0000', '0010', 'ディレクトリ作成', '', '2015-01-01 00:00:00.0', '9999-12-31 00:00:00.0', 1);
INSERT INTO FNCTION VALUES ('0000', '0011', 'ディレクトリ編集', '', '2015-01-01 00:00:00.0', '9999-12-31 00:00:00.0', 1);
INSERT INTO FNCTION VALUES ('0000', '0012', 'ディレクトリ削除', '', '2015-01-01 00:00:00.0', '9999-12-31 00:00:00.0', 1);
INSERT INTO FNCTION VALUES ('0000', '0020', '依頼回答', '', '2015-01-01 00:00:00.0', '9999-12-31 00:00:00.0', 1);
INSERT INTO FNCTION VALUES ('0000', '0021', '依頼回答変更', '', '2015-01-01 00:00:00.0', '9999-12-31 00:00:00.0', 1);
INSERT INTO FNCTION VALUES ('1000', '1000', 'ポータル', '/portal', '2015-01-01 00:00:00.0', '9999-12-31 00:00:00.0', 1);
INSERT INTO FNCTION VALUES ('1010', '1010', 'ログイン', '/login', '2015-01-01 00:00:00.0', '9999-12-31 00:00:00.0', 0);
INSERT INTO FNCTION VALUES ('1020', '1020', 'ログアウト', '/logout', '2015-01-01 00:00:00.0', '9999-12-31 00:00:00.0', 1);
INSERT INTO FNCTION VALUES ('2000', '2000', 'フォト・ムービーギャラリー', '/gallery', '2015-01-01 00:00:00.0', '9999-12-31 00:00:00.0', 1);
INSERT INTO FNCTION VALUES ('2000', '2010', 'フォト・ムービーアップロード', '/photomovie/upload', '2015-01-01 00:00:00.0', '9999-12-31 00:00:00.0', 1);
INSERT INTO FNCTION VALUES ('2000', '2011', 'フォト・ムービーダウンロード', '/photomovie/download', '2015-01-01 00:00:00.0', '9999-12-31 00:00:00.0', 1);
INSERT INTO FNCTION VALUES ('2000', '2012', 'フォト・ムービー削除', '/photomovie/delete', '2015-01-01 00:00:00.0', '9999-12-31 00:00:00.0', 1);
INSERT INTO FNCTION VALUES ('3000', '3000', 'チャットポータル', '/chat/portal', '2015-01-01 00:00:00.0', '9999-12-31 00:00:00.0', 1);
INSERT INTO FNCTION VALUES ('3000', '3010', 'メッセージボード作成', '/chat/messageboard/new', '2015-01-01 00:00:00.0', '9999-12-31 00:00:00.0', 1);
INSERT INTO FNCTION VALUES ('3000', '3011', 'メッセージボード編集', '/chat/messageboard/edit', '2015-01-01 00:00:00.0', '9999-12-31 00:00:00.0', 1);
INSERT INTO FNCTION VALUES ('3000', '3012', 'メッセージボード削除', '/chat/messageboard/delete', '2015-01-01 00:00:00.0', '9999-12-31 00:00:00.0', 1);
INSERT INTO FNCTION VALUES ('8000', '8000', 'プロフィール確認', '/profile', '2015-01-01 00:00:00.0', '9999-12-31 00:00:00.0', 1);
INSERT INTO FNCTION VALUES ('8000', '8010', 'プロフィール変更', '/edit/profile', '2015-01-01 00:00:00.0', '9999-12-31 00:00:00.0', 1);
INSERT INTO FNCTION VALUES ('9000', '9000', 'ユーザ管理ポータル', '/usermanagement/portal', '2015-01-01 00:00:00.0', '9999-12-31 00:00:00.0', 8);
INSERT INTO FNCTION VALUES ('9000', '9001', 'ユーザ作成', '/usermanagement/new', '2015-01-01 00:00:00.0', '9999-12-31 00:00:00.0', 8);
INSERT INTO FNCTION VALUES ('9000', '9002', 'ユーザ編集', '/usermanagement/edit', '2015-01-01 00:00:00.0', '9999-12-31 00:00:00.0', 8);
INSERT INTO FNCTION VALUES ('9000', '9003', 'ユーザ削除', '/usermanagement/delete', '2015-01-01 00:00:00.0', '9999-12-31 00:00:00.0', 8);
INSERT INTO FNCTION VALUES ('9000', '9004', 'ユーザ情報一括エクスポート', '/usermanagement/export', '2015-01-01 00:00:00.0', '9999-12-31 00:00:00.0', 8);
INSERT INTO FNCTION VALUES ('9010', '9010', 'インフォメーション管理ポータル', '/infomationmanagement/portal', '2015-01-01 00:00:00.0', '9999-12-31 00:00:00.0', 8);
INSERT INTO FNCTION VALUES ('9010', '9011', 'インフォメーション作成', '/infomationmanagement/new', '2015-01-01 00:00:00.0', '9999-12-31 00:00:00.0', 8);
INSERT INTO FNCTION VALUES ('9010', '9012', 'インフォメーション変更', '/infomationmanagement/edit', '2015-01-01 00:00:00.0', '9999-12-31 00:00:00.0', 8);
INSERT INTO FNCTION VALUES ('9010', '9013', 'インフォメーション削除', '/infomationmanagement/delete', '2015-01-01 00:00:00.0', '9999-12-31 00:00:00.0', 8);
INSERT INTO FNCTION VALUES ('9010', '9014', 'インフォメーション閲覧状況確認', '/infomationmanagement/confirm/access', '2015-01-01 00:00:00.0', '9999-12-31 00:00:00.0', 8);
INSERT INTO FNCTION VALUES ('9020', '9020', '依頼管理ポータル', '/request/status', '2015-01-01 00:00:00.0', '9999-12-31 00:00:00.0', 8);
INSERT INTO FNCTION VALUES ('9020', '9021', '依頼作成', 'request/new', '2015-01-01 00:00:00.0', '9999-12-31 00:00:00.0', 8);
INSERT INTO FNCTION VALUES ('9020', '9022', '依頼変更', '/request/edit', '2015-01-01 00:00:00.0', '9999-12-31 00:00:00.0', 8);
INSERT INTO FNCTION VALUES ('9020', '9023', '依頼削除', '/request/delete', '2015-01-01 00:00:00.0', '9999-12-31 00:00:00.0', 8);
INSERT INTO FNCTION VALUES ('9020', '9024', '依頼状況一括エクスポート', '/request/export', '2015-01-01 00:00:00.0', '9999-12-31 00:00:00.0', 8);

INSERT INTO INFOMATION VALUES('00000000', '新郎・新婦からのご挨拶', '/info/00000000_message.jsp', '2015-01-01 00:00:00.0', '2015-01-01 00:00:00.0');
INSERT INTO INFOMATION VALUES('00000001', '結婚式のご案内及び事前出席確認', '/info/00000001_guide_ceremony.jsp', '2015-01-01 00:00:00.0', '2015-01-01 00:00:00.0');
INSERT INTO INFOMATION VALUES('00000002', '披露宴のご案内及び事前出席確認', '/info/00000002_guide_party.jsp', '2015-01-01 00:00:00.0', '2015-01-01 00:00:00.0');
INSERT INTO INFOMATION VALUES('00000003', 'ご宿泊を希望する皆様へ', '/info/00000003_ask_if_staying_hotel.jsp', '2015-01-01 00:00:00.0', '2015-01-01 00:00:00.0');
INSERT INTO INFOMATION VALUES('00000004', '新郎・新婦へメッセージの寄稿のお願い', '/info/00000004_request_message.jsp', '2015-01-01 00:00:00.0', '2015-01-01 00:00:00.0');
INSERT INTO INFOMATION VALUES('00000005', '結婚式当日の乾杯音頭のお願い', '/info/00000005_request_pledge.jsp', '2015-01-01 00:00:00.0', '2015-01-01 00:00:00.0');
INSERT INTO INFOMATION VALUES('00000006', '結婚式当日のスピーチのお願い', '/info/00000006_request_speech.jsp', '2015-01-01 00:00:00.0', '2015-01-01 00:00:00.0');
INSERT INTO INFOMATION VALUES('00000007', '結婚式当日の友人代表スピーチのお願い', '/info/00000007_request_speech_of_friend.jsp', '2015-01-01 00:00:00.0', '2015-01-01 00:00:00.0');
INSERT INTO INFOMATION VALUES('00000008', 'フォト・ムービーの共有のお願い', '/info/00000008_request_sharing_photomovie.jsp', '2015-01-01 00:00:00.0', '2015-01-01 00:00:00.0');
INSERT INTO INFOMATION VALUES('00000009', '豪華景品が当たる！結婚式事前クイズ！', '/info/00000009_question_wedding.jsp', '2015-01-01 00:00:00.0', '2017-01-01 00:00:00.0');
INSERT INTO INFOMATION VALUES('00000010', '結婚式２次会のご案内及び事前出席確認', '/info/00000010_guide_second_party.jsp', '2015-01-01 00:00:00.0', '2015-01-01 00:00:00.0');
INSERT INTO INFOMATION VALUES('00000011', '結婚式当日のサイト運営ご協力のお願い', '/info/00000011_request_help_operation_website_for_ceremony.jsp', '2015-01-01 00:00:00.0', '2015-01-01 00:00:00.0');
INSERT INTO INFOMATION VALUES('00000012', '結婚式当日の受付のお願い', '/info/00000012_request_help_clerk_for_ceremony.jsp', '2015-01-01 00:00:00.0', '2015-01-01 00:00:00.0');
INSERT INTO INFOMATION VALUES('00000013', '結婚式2次会のサイト運営のお願い', '/info/00000013_request_help_clerk_for_secondparty.jsp', '2015-01-01 00:00:00.0', '2015-01-01 00:00:00.0');
INSERT INTO INFOMATION VALUES('00000014', '結婚式2次会の受付のお願い', '/info/00000014_request_help_clerk_for_secondceremony.jsp', '2015-01-01 00:00:00.0', '2015-01-01 00:00:00.0');
INSERT INTO INFOMATION VALUES('00000015', '宿泊先のご案内', '/info/00000015_announce_staying_hotel.jsp', '2015-01-01 00:00:00.0', '2017-02-01 00:00:00.0');

INSERT INTO USR VALUES('00000000', '(ΦωΦ)', 'org.debugroom', '/resources/app/img/debugroom.png', 9, '2015-01-01 00:00:00.0');
INSERT INTO USR VALUES('00000001', '今夜がやまだ', 'konyagayamada', '/resources/app/img/konyagayamada.png', 1, '2015-01-01 00:00:00.0');
INSERT INTO USR VALUES('00000002', '本屋がやまだ', 'honyagayamada', '/resources/app/honyagayamada.png', 1, '2015-01-01 00:00:00.0');
INSERT INTO USR VALUES('00000003', '上司がやまだ', 'joushigayamada', '/resources/app/joushigayamda.png', 1, '2015-01-01 00:00:00.0');

INSERT INTO NOTIFICATION VALUES('00000000', '00000001', false);
INSERT INTO NOTIFICATION VALUES('00000001', '00000001', false);
INSERT INTO NOTIFICATION VALUES('00000002', '00000001', false);
INSERT INTO NOTIFICATION VALUES('00000003', '00000001', false);
INSERT INTO NOTIFICATION VALUES('00000004', '00000001', false);
INSERT INTO NOTIFICATION VALUES('00000007', '00000001', false);
INSERT INTO NOTIFICATION VALUES('00000008', '00000001', false);
INSERT INTO NOTIFICATION VALUES('00000009', '00000001', false);
INSERT INTO NOTIFICATION VALUES('00000010', '00000001', false);
INSERT INTO NOTIFICATION VALUES('00000011', '00000001', false);
INSERT INTO NOTIFICATION VALUES('00000013', '00000001', false);
INSERT INTO NOTIFICATION VALUES('00000015', '00000001', false);
INSERT INTO NOTIFICATION VALUES('00000000', '00000002', false);
INSERT INTO NOTIFICATION VALUES('00000001', '00000002', false);
INSERT INTO NOTIFICATION VALUES('00000002', '00000002', false);
INSERT INTO NOTIFICATION VALUES('00000003', '00000002', false);
INSERT INTO NOTIFICATION VALUES('00000004', '00000002', false);
INSERT INTO NOTIFICATION VALUES('00000008', '00000002', false);
INSERT INTO NOTIFICATION VALUES('00000009', '00000002', false);
INSERT INTO NOTIFICATION VALUES('00000010', '00000002', false);
INSERT INTO NOTIFICATION VALUES('00000012', '00000002', false);
INSERT INTO NOTIFICATION VALUES('00000014', '00000002', false);
INSERT INTO NOTIFICATION VALUES('00000015', '00000002', false);
INSERT INTO NOTIFICATION VALUES('00000000', '00000003', false);
INSERT INTO NOTIFICATION VALUES('00000002', '00000003', false);
INSERT INTO NOTIFICATION VALUES('00000004', '00000003', false);
INSERT INTO NOTIFICATION VALUES('00000005', '00000003', false);
INSERT INTO NOTIFICATION VALUES('00000006', '00000003', false);
INSERT INTO NOTIFICATION VALUES('00000008', '00000003', false);
INSERT INTO NOTIFICATION VALUES('00000009', '00000003', false);