DELETE FROM ADDRESS;
DELETE FROM AFFILIATION;
DELETE FROM CREDENTIAL;
DELETE FROM EMAIL;
DELETE FROM FNCTION;
DELETE FROM GROUP_FOLDER;
DELETE FROM MOVIE_RELATED_FOLDER;
DELETE FROM PHOTO_RELATED_FOLDER;
DELETE FROM USER_RELATED_FOLDER;
DELETE FROM FOLDER;
DELETE FROM GROUP_NOTIFICATION;
DELETE FROM GROUP_VISIBLE_MOVIE;
DELETE FROM GROUP_VISIBLE_PHOTO;
DELETE FROM GRP;
DELETE FROM NOTIFICATION;
DELETE FROM INFORMATION;
DELETE FROM MENU;
DELETE FROM MESSAGE;
DELETE FROM MESSAGE_BOARD;
DELETE FROM MOVIE_RELATED_USER;
DELETE FROM MOVIE;
DELETE FROM PHOTO_RELATED_USER;
DELETE FROM PHOTO;
DELETE FROM REQUEST_STATUS;
DELETE FROM REQUEST;
DELETE FROM USR;

INSERT INTO MENU VALUES ('1000', 'ポータル', '/portal', true, '2015-01-01 00:00:00.0', '9999-12-31 00:00:00.0', 1, 0, '2015-01-01 00:00:00.0');
INSERT INTO MENU VALUES ('1020', 'ログアウト', '/logout', false, '2015-01-01 00:00:00.0', '9999-12-31 00:00:00.0', 1, 0, '2015-01-01 00:00:00.0');
INSERT INTO MENU VALUES ('2000', 'ギャラリー', '/gallery', true, '2015-01-01 00:00:00.0', '9999-12-31 00:00:00.0', 1, 0, '2015-01-01 00:00:00.0');
INSERT INTO MENU VALUES ('3000', 'チャット', '/chat/portal', true, '2015-01-01 00:00:00.0', '9999-12-31 00:00:00.0', 1, 0, '2015-01-01 00:00:00.0');
INSERT INTO MENU VALUES ('8000', 'プロフィール編集', '/profile', true, '2015-01-01 00:00:00.0', '9999-12-31 00:00:00.0', 1, 0, '2015-01-01 00:00:00.0');
INSERT INTO MENU VALUES ('9000', 'ユーザ管理', '/management/user/portal', false, '2015-01-01 00:00:00.0', '9999-12-31 00:00:00.0', 8, 0, '2015-01-01 00:00:00.0');
INSERT INTO MENU VALUES ('9010', 'グループ管理', '/management/group/portal', false, '2015-01-01 00:00:00.0', '9999-12-31 00:00:00.0', 8, 0, '2015-01-01 00:00:00.0');
INSERT INTO MENU VALUES ('9020', 'インフォメーション管理', '/management/information/portal', false, '2015-01-01 00:00:00.0', '9999-12-31 00:00:00.0', 8, 0, '2015-01-01 00:00:00.0');
INSERT INTO MENU VALUES ('9030', '依頼管理', '/management/request/portal', false, '2015-01-01 00:00:00.0', '9999-12-31 00:00:00.0', 8, 0, '2015-01-01 00:00:00.0');
INSERT INTO MENU VALUES ('0000', '共通', '', false, '2015-01-01 00:00:00.0', '9999-12-31 00:00:00.0', 9, 0, '2015-01-01 00:00:00.0');

INSERT INTO FNCTION VALUES ('0000', '0000', 'グループ作成', '', false, '2015-01-01 00:00:00.0', '9999-12-31 00:00:00.0', 1, 0, '2015-01-01 00:00:00.0');
INSERT INTO FNCTION VALUES ('0000', '0001', 'グループ編集', '', false, '2015-01-01 00:00:00.0', '9999-12-31 00:00:00.0', 1, 0, '2015-01-01 00:00:00.0');
INSERT INTO FNCTION VALUES ('0000', '0002', 'グループ削除', '', false, '2015-01-01 00:00:00.0', '9999-12-31 00:00:00.0', 1, 0, '2015-01-01 00:00:00.0');
INSERT INTO FNCTION VALUES ('0000', '0010', 'ディレクトリ作成', '', false, '2015-01-01 00:00:00.0', '9999-12-31 00:00:00.0', 1, 0, '2015-01-01 00:00:00.0');
INSERT INTO FNCTION VALUES ('0000', '0011', 'ディレクトリ編集', '', false, '2015-01-01 00:00:00.0', '9999-12-31 00:00:00.0', 1, 0, '2015-01-01 00:00:00.0');
INSERT INTO FNCTION VALUES ('0000', '0012', 'ディレクトリ削除', '', false, '2015-01-01 00:00:00.0', '9999-12-31 00:00:00.0', 1, 0, '2015-01-01 00:00:00.0');
INSERT INTO FNCTION VALUES ('0000', '0020', '依頼回答', '', false, '2015-01-01 00:00:00.0', '9999-12-31 00:00:00.0', 1, 0, '2015-01-01 00:00:00.0');
INSERT INTO FNCTION VALUES ('0000', '0021', '依頼回答変更', '', false, '2015-01-01 00:00:00.0', '9999-12-31 00:00:00.0', 1, 0, '2015-01-01 00:00:00.0');
INSERT INTO FNCTION VALUES ('1000', '1000', 'ポータル', '/portal', true, '2015-01-01 00:00:00.0', '9999-12-31 00:00:00.0', 1, 0, '2015-01-01 00:00:00.0');
INSERT INTO FNCTION VALUES ('1020', '1020', 'ログアウト', '/logout', false, '2015-01-01 00:00:00.0', '9999-12-31 00:00:00.0', 1, 0, '2015-01-01 00:00:00.0');
INSERT INTO FNCTION VALUES ('2000', '2000', 'フォト・ムービーギャラリー', '/gallery', true, '2015-01-01 00:00:00.0', '9999-12-31 00:00:00.0', 1, 0, '2015-01-01 00:00:00.0');
INSERT INTO FNCTION VALUES ('2000', '2010', 'フォト・ムービーアップロード', '/photomovie/upload', false, '2015-01-01 00:00:00.0', '9999-12-31 00:00:00.0', 1, 0, '2015-01-01 00:00:00.0');
INSERT INTO FNCTION VALUES ('2000', '2011', 'フォト・ムービーダウンロード', '/photomovie/download', false, '2015-01-01 00:00:00.0', '9999-12-31 00:00:00.0', 1, 0, '2015-01-01 00:00:00.0');
INSERT INTO FNCTION VALUES ('2000', '2012', 'フォト・ムービー削除', '/photomovie/delete', false, '2015-01-01 00:00:00.0', '9999-12-31 00:00:00.0', 1, 0, '2015-01-01 00:00:00.0');
INSERT INTO FNCTION VALUES ('3000', '3000', 'チャットポータル', '/chat/portal', true, '2015-01-01 00:00:00.0', '9999-12-31 00:00:00.0', 1, 0, '2015-01-01 00:00:00.0');
INSERT INTO FNCTION VALUES ('3000', '3010', 'メッセージボード作成', '/chat/messageboard/new', false, '2015-01-01 00:00:00.0', '9999-12-31 00:00:00.0', 1, 0, '2015-01-01 00:00:00.0');
INSERT INTO FNCTION VALUES ('3000', '3011', 'メッセージボード編集', '/chat/messageboard/edit', false, '2015-01-01 00:00:00.0', '9999-12-31 00:00:00.0', 1, 0, '2015-01-01 00:00:00.0');
INSERT INTO FNCTION VALUES ('3000', '3012', 'メッセージボード削除', '/chat/messageboard/delete', false, '2015-01-01 00:00:00.0', '9999-12-31 00:00:00.0', 1, 0, '2015-01-01 00:00:00.0');
INSERT INTO FNCTION VALUES ('8000', '8000', 'プロフィール確認', '/profile', true, '2015-01-01 00:00:00.0', '9999-12-31 00:00:00.0', 1, 0, '2015-01-01 00:00:00.0');
INSERT INTO FNCTION VALUES ('8000', '8010', 'プロフィール変更', '/edit/profile', false, '2015-01-01 00:00:00.0', '9999-12-31 00:00:00.0', 1, 0, '2015-01-01 00:00:00.0');
INSERT INTO FNCTION VALUES ('9000', '9000', 'ユーザ管理ポータル', '/management/user/portal', false, '2015-01-01 00:00:00.0', '9999-12-31 00:00:00.0', 8, 0, '2015-01-01 00:00:00.0');
INSERT INTO FNCTION VALUES ('9000', '9001', 'ユーザ作成', '/management/user/new', false, '2015-01-01 00:00:00.0', '9999-12-31 00:00:00.0', 8, 0, '2015-01-01 00:00:00.0');
INSERT INTO FNCTION VALUES ('9000', '9002', 'ユーザ編集', '/management/user/edit', false, '2015-01-01 00:00:00.0', '9999-12-31 00:00:00.0', 8, 0, '2015-01-01 00:00:00.0');
INSERT INTO FNCTION VALUES ('9000', '9003', 'ユーザ削除', '/management/user/delete', false, '2015-01-01 00:00:00.0', '9999-12-31 00:00:00.0', 8, 0, '2015-01-01 00:00:00.0');
INSERT INTO FNCTION VALUES ('9000', '9004', 'ユーザ情報一括エクスポート', '/management/user/export', false, '2015-01-01 00:00:00.0', '9999-12-31 00:00:00.0', 8, 0, '2015-01-01 00:00:00.0');
INSERT INTO FNCTION VALUES ('9010', '9010', 'グループ管理ポータル', '/management/group/portal', false, '2015-01-01 00:00:00.0', '9999-12-31 00:00:00.0', 8, 0, '2015-01-01 00:00:00.0');
INSERT INTO FNCTION VALUES ('9010', '9011', 'グループ作成', '/management/group/new', false, '2015-01-01 00:00:00.0', '9999-12-31 00:00:00.0', 8, 0, '2015-01-01 00:00:00.0');
INSERT INTO FNCTION VALUES ('9010', '9012', 'グループ編集', '/management/group/edit', false, '2015-01-01 00:00:00.0', '9999-12-31 00:00:00.0', 8, 0, '2015-01-01 00:00:00.0');
INSERT INTO FNCTION VALUES ('9010', '9013', 'グループ削除', '/management/group/delete', false, '2015-01-01 00:00:00.0', '9999-12-31 00:00:00.0', 8, 0, '2015-01-01 00:00:00.0');
INSERT INTO FNCTION VALUES ('9020', '9020', 'インフォメーション管理ポータル', '/management/information/portal', false, '2015-01-01 00:00:00.0', '9999-12-31 00:00:00.0', 8, 0, '2015-01-01 00:00:00.0');
INSERT INTO FNCTION VALUES ('9020', '9021', 'インフォメーション作成', '/management/information/new', false, '2015-01-01 00:00:00.0', '9999-12-31 00:00:00.0', 8, 0, '2015-01-01 00:00:00.0');
INSERT INTO FNCTION VALUES ('9020', '9022', 'インフォメーション変更', '/management/information/edit', false, '2015-01-01 00:00:00.0', '9999-12-31 00:00:00.0', 8, 0, '2015-01-01 00:00:00.0');
INSERT INTO FNCTION VALUES ('9020', '9023', 'インフォメーション削除', '/management/information/delete', false, '2015-01-01 00:00:00.0', '9999-12-31 00:00:00.0', 8, 0, '2015-01-01 00:00:00.0');
INSERT INTO FNCTION VALUES ('9020', '9024', 'インフォメーション閲覧状況確認', '/management/information/confirm/access', false, '2015-01-01 00:00:00.0', '9999-12-31 00:00:00.0', 8, 0, '2015-01-01 00:00:00.0');
INSERT INTO FNCTION VALUES ('9030', '9030', '依頼管理ポータル', '/request/status', false, '2015-01-01 00:00:00.0', '9999-12-31 00:00:00.0', 8, 0, '2015-01-01 00:00:00.0');
INSERT INTO FNCTION VALUES ('9030', '9031', '依頼作成', 'request/new', false, '2015-01-01 00:00:00.0', '9999-12-31 00:00:00.0', 8, 0, '2015-01-01 00:00:00.0');
INSERT INTO FNCTION VALUES ('9030', '9032', '依頼変更', '/request/edit', false, '2015-01-01 00:00:00.0', '9999-12-31 00:00:00.0', 8, 0, '2015-01-01 00:00:00.0');
INSERT INTO FNCTION VALUES ('9030', '9033', '依頼削除', '/request/delete', false, '2015-01-01 00:00:00.0', '9999-12-31 00:00:00.0', 8, 0, '2015-01-01 00:00:00.0');
INSERT INTO FNCTION VALUES ('9030', '9034', '依頼状況一括エクスポート', '/request/export', false, '2015-01-01 00:00:00.0', '9999-12-31 00:00:00.0', 8, 0, '2015-01-01 00:00:00.0');

INSERT INTO INFORMATION VALUES('00000000', '新郎・新婦からのご挨拶', 'info/00000000_message.jsp', '2015-01-01 00:00:00.0', '2015-01-01 00:00:00.0', 0, '2015-01-01 00:00:00.0');
INSERT INTO INFORMATION VALUES('00000001', '結婚式のご案内及び事前出席確認', 'info/00000001_guide_ceremony.jsp', '2015-01-01 00:00:00.0', '2015-01-01 00:00:00.0', 0, '2015-01-01 00:00:00.0');
INSERT INTO INFORMATION VALUES('00000002', '披露宴のご案内及び事前出席確認', 'info/00000002_guide_party.jsp', '2015-01-01 00:00:00.0', '2015-01-01 00:00:00.0', 0, '2015-01-01 00:00:00.0');
INSERT INTO INFORMATION VALUES('00000003', 'ご宿泊を希望する皆様へ', 'info/00000003_ask_if_staying_hotel.jsp', '2015-01-01 00:00:00.0', '2015-01-01 00:00:00.0', 0, '2015-01-01 00:00:00.0');
INSERT INTO INFORMATION VALUES('00000004', '新郎・新婦へメッセージの寄稿のお願い', 'info/00000004_request_message.jsp', '2015-01-01 00:00:00.0', '2015-01-01 00:00:00.0', 0, '2015-01-01 00:00:00.0');
INSERT INTO INFORMATION VALUES('00000005', '結婚式当日の乾杯音頭のお願い', 'info/00000005_request_pledge.jsp', '2015-01-01 00:00:00.0', '2015-01-01 00:00:00.0', 0, '2015-01-01 00:00:00.0');
INSERT INTO INFORMATION VALUES('00000006', '結婚式当日のスピーチのお願い', 'info/00000006_request_speech.jsp', '2015-01-01 00:00:00.0', '2015-01-01 00:00:00.0', 0, '2015-01-01 00:00:00.0');
INSERT INTO INFORMATION VALUES('00000007', '結婚式当日の友人代表スピーチのお願い', 'info/00000007_request_speech_of_friend.jsp', '2015-01-01 00:00:00.0', '2015-01-01 00:00:00.0', 0, '2015-01-01 00:00:00.0');
INSERT INTO INFORMATION VALUES('00000008', 'フォト・ムービーの共有のお願い', 'info/00000008_request_sharing_photomovie.jsp', '2015-01-01 00:00:00.0', '2015-01-01 00:00:00.0', 0, '2015-01-01 00:00:00.0');
INSERT INTO INFORMATION VALUES('00000009', '豪華景品が当たる！結婚式事前クイズ！', 'info/00000009_question_wedding.jsp', '2015-01-01 00:00:00.0', '2017-01-01 00:00:00.0', 0, '2015-01-01 00:00:00.0');
INSERT INTO INFORMATION VALUES('00000010', '結婚式２次会のご案内及び事前出席確認', 'info/00000010_guide_second_party.jsp', '2015-01-01 00:00:00.0', '2015-01-01 00:00:00.0', 0, '2015-01-01 00:00:00.0');
INSERT INTO INFORMATION VALUES('00000011', '結婚式当日のサイト運営ご協力のお願い', 'info/00000011_request_help_operation_website_for_ceremony.jsp', '2015-01-01 00:00:00.0', '2015-01-01 00:00:00.0', 0, '2015-01-01 00:00:00.0');
INSERT INTO INFORMATION VALUES('00000012', '結婚式当日の受付のお願い', 'info/00000012_request_help_clerk_for_ceremony.jsp', '2015-01-01 00:00:00.0', '2015-01-01 00:00:00.0', 0, '2015-01-01 00:00:00.0');
INSERT INTO INFORMATION VALUES('00000013', '結婚式2次会のサイト運営のお願い', 'info/00000013_request_help_operation_website_for_secondparty.jsp', '2015-01-01 00:00:00.0', '2015-01-01 00:00:00.0', 0, '2015-01-01 00:00:00.0');
INSERT INTO INFORMATION VALUES('00000014', '結婚式2次会の受付のお願い', 'info/00000014_request_help_clerk_for_secondparty.jsp', '2015-01-01 00:00:00.0', '2015-01-01 00:00:00.0', 0, '2015-01-01 00:00:00.0');
INSERT INTO INFORMATION VALUES('00000015', '宿泊先のご案内', 'info/00000015_announce_staying_hotel.jsp', '2015-01-01 00:00:00.0', '2017-02-01 00:00:00.0', 0, '2015-01-01 00:00:00.0');

INSERT INTO USR VALUES('00000000', '(ΦωΦ)', 'うぇーい', 'org.debugroom', 'resources/app/img/debugroom.png', 9, false, '2015-01-01 00:00:00.0', 0, '2015-01-01 00:00:00.0');
INSERT INTO USR VALUES('00000001', '今夜がやまだ', 'うぇーい', 'konyagayamada', 'resources/app/img/konyagayamada.png', 1, true, '2015-01-01 00:00:00.0', 0, '2015-01-01 00:00:00.0');
INSERT INTO USR VALUES('00000002', '本屋がやまだ', 'うぇーい', 'honyagayamada', 'resources/app/img/honyagayamada.png', 1, false, '2015-01-01 00:00:00.0', 0, '2015-01-01 00:00:00.0');
INSERT INTO USR VALUES('00000003', '上司がやまだ', 'うぇーい', 'joushigayamada', 'resources/app/img/joushigayamda.png', 1, false, '2015-01-01 00:00:00.0', 0, '2015-01-01 00:00:00.0');
INSERT INTO USR VALUES('00000004', 'アップ', 'うぇーい', 'up', 'resources/app/img/joushigayamda.png', 1, false, '2015-01-01 00:00:00.0', 0, '2015-01-01 00:00:00.0');
INSERT INTO USR VALUES('00000005', 'ダウン', 'うぇーい', 'down', 'resources/app/img/joushigayamda.png', 1, false, '2015-01-01 00:00:00.0', 0, '2015-01-01 00:00:00.0');
INSERT INTO USR VALUES('00000006', 'チャーム', 'うぇーい', 'charm', 'resources/app/img/joushigayamda.png', 1, false, '2015-01-01 00:00:00.0', 0, '2015-01-01 00:00:00.0');
INSERT INTO USR VALUES('00000007', 'ストレンジ', 'うぇーい', 'strange', 'resources/app/img/joushigayamda.png', 1, false, '2015-01-01 00:00:00.0', 0, '2015-01-01 00:00:00.0');
INSERT INTO USR VALUES('00000008', 'トップ', 'うぇーい', 'top', 'resources/app/img/joushigayamda.png', 1, false, '2015-01-01 00:00:00.0', 0, '2015-01-01 00:00:00.0');
INSERT INTO USR VALUES('00000009', 'ボトム', 'うぇーい', 'bottom', 'resources/app/img/joushigayamda.png', 1, false, '2015-01-01 00:00:00.0', 0, '2015-01-01 00:00:00.0');
INSERT INTO USR VALUES('00000010', '電子', 'うぇーい', 'electron', 'resources/app/img/joushigayamda.png', 1, false, '2015-01-01 00:00:00.0', 0, '2015-01-01 00:00:00.0');
INSERT INTO USR VALUES('00000011', '陽電子', 'うぇーい', 'positron', 'resources/app/img/joushigayamda.png', 1, false, '2015-01-01 00:00:00.0', 0, '2015-01-01 00:00:00.0');
INSERT INTO USR VALUES('00000012', 'ミュー粒子', 'うぇーい', 'muon', 'resources/app/img/joushigayamda.png', 1, false, '2015-01-01 00:00:00.0', 0, '2015-01-01 00:00:00.0');
INSERT INTO USR VALUES('00000013', 'タウ粒子', 'うぇーい', 'tauon', 'resources/app/img/joushigayamda.png', 1, false, '2015-01-01 00:00:00.0', 0, '2015-01-01 00:00:00.0');
INSERT INTO USR VALUES('00000014', '電子ニュートリノ', 'うぇーい', 'electron-neutrino', 'resources/app/img/joushigayamda.png', 1, false, '2015-01-01 00:00:00.0', 0, '2015-01-01 00:00:00.0');
INSERT INTO USR VALUES('00000015', 'ミューニュートリノ', 'うぇーい', 'muon-neutrino', 'resources/app/img/joushigayamda.png', 1, false, '2015-01-01 00:00:00.0', 0, '2015-01-01 00:00:00.0');
INSERT INTO USR VALUES('00000016', 'タウニュートリノ', 'うぇーい', 'tauon-neutrino', 'resources/app/img/joushigayamda.png', 1, false, '2015-01-01 00:00:00.0', 0, '2015-01-01 00:00:00.0');
INSERT INTO USR VALUES('00000017', '光子', 'うぇーい', 'photon', 'resources/app/img/joushigayamda.png', 1, false, '2015-01-01 00:00:00.0', 0, '2015-01-01 00:00:00.0');
INSERT INTO USR VALUES('00000018', 'ウィークボソン', 'うぇーい', 'weak-boson', 'resources/app/img/joushigayamda.png', 1, false, '2015-01-01 00:00:00.0', 0, '2015-01-01 00:00:00.0');
INSERT INTO USR VALUES('00000019', 'グルーオン', 'うぇーい', 'gluon', 'resources/app/img/joushigayamda.png', 1, false, '2015-01-01 00:00:00.0', 0, '2015-01-01 00:00:00.0');
INSERT INTO USR VALUES('00000020', 'グラビトン', 'うぇーい', 'graviton', 'resources/app/img/joushigayamda.png', 1, false, '2015-01-01 00:00:00.0', 0, '2015-01-01 00:00:00.0');
INSERT INTO USR VALUES('00000021', 'ヒッグス粒子', 'うぇーい', 'higgs-boson', 'resources/app/joushigayamda.png', 1, false, '2015-01-01 00:00:00.0', 0, '2015-01-01 00:00:00.0');

INSERT INTO ADDRESS VALUES('00000000', '123-4567', '東京都千代田区1-1-1', 0, '2015-01-01 00:00:00.0');
INSERT INTO ADDRESS VALUES('00000001', '234-5678', '東京都中央区1-1-1', 0, '2015-01-01 00:00:00.0');
INSERT INTO ADDRESS VALUES('00000002', '345-6789', '東京都港区1-1-1', 0, '2015-01-01 00:00:00.0');
INSERT INTO ADDRESS VALUES('00000003', '456-7890', '東京都新宿区1-1-1', 0, '2015-01-01 00:00:00.0');
INSERT INTO ADDRESS VALUES('00000004', '567-8901', '東京都文京区1-1-1', 0, '2015-01-01 00:00:00.0');
INSERT INTO ADDRESS VALUES('00000005', '678-9012', '東京都台東区1-1-1', 0, '2015-01-01 00:00:00.0');
INSERT INTO ADDRESS VALUES('00000006', '789-0123', '東京都墨田区1-1-1', 0, '2015-01-01 00:00:00.0');
INSERT INTO ADDRESS VALUES('00000007', '890-1234', '東京都江東区1-1-1', 0, '2015-01-01 00:00:00.0');
INSERT INTO ADDRESS VALUES('00000008', '901-2345', '東京都品川区1-1-1', 0, '2015-01-01 00:00:00.0');
INSERT INTO ADDRESS VALUES('00000009', '012-3456', '東京都目黒区1-1-1', 0, '2015-01-01 00:00:00.0');
INSERT INTO ADDRESS VALUES('00000010', '012-3456', '東京都太田区1-1-1', 0, '2015-01-01 00:00:00.0');
INSERT INTO ADDRESS VALUES('00000011', '012-3456', '東京都世田谷区1-1-1', 0, '2015-01-01 00:00:00.0');
INSERT INTO ADDRESS VALUES('00000012', '012-3456', '東京都渋谷区1-1-1', 0, '2015-01-01 00:00:00.0');
INSERT INTO ADDRESS VALUES('00000013', '012-3456', '東京都中野区1-1-1', 0, '2015-01-01 00:00:00.0');
INSERT INTO ADDRESS VALUES('00000014', '012-3456', '東京都杉並区1-1-1', 0, '2015-01-01 00:00:00.0');
INSERT INTO ADDRESS VALUES('00000015', '012-3456', '東京都豊島区1-1-1', 0, '2015-01-01 00:00:00.0');
INSERT INTO ADDRESS VALUES('00000016', '012-3456', '東京都北区1-1-1', 0, '2015-01-01 00:00:00.0');
INSERT INTO ADDRESS VALUES('00000017', '012-3456', '東京都荒川区1-1-1', 0, '2015-01-01 00:00:00.0');
INSERT INTO ADDRESS VALUES('00000018', '012-3456', '東京都板橋区1-1-1', 0, '2015-01-01 00:00:00.0');
INSERT INTO ADDRESS VALUES('00000019', '012-3456', '東京都練馬区1-1-1', 0, '2015-01-01 00:00:00.0');
INSERT INTO ADDRESS VALUES('00000020', '012-3456', '東京都足立区1-1-1', 0, '2015-01-01 00:00:00.0');
INSERT INTO ADDRESS VALUES('00000021', '012-3456', '東京都葛飾区1-1-1', 0, '2015-01-01 00:00:00.0');

INSERT INTO EMAIL VALUES('00000000', 0, '00000000abc@debugroom.org', 0, '2015-01-01 00:00:00.0');
INSERT INTO EMAIL VALUES('00000000', 1, '00000000efg@debugroom.org', 0, '2015-01-01 00:00:00.0');
INSERT INTO EMAIL VALUES('00000001', 0, '00000001abc@debugroom.org', 0, '2015-01-01 00:00:00.0');
INSERT INTO EMAIL VALUES('00000001', 1, '00000001efg@debugroom.org', 0, '2015-01-01 00:00:00.0');
INSERT INTO EMAIL VALUES('00000002', 0, '00000002abc@debugroom.org', 0, '2015-01-01 00:00:00.0');
INSERT INTO EMAIL VALUES('00000002', 1, '00000002efg@debugroom.org', 0, '2015-01-01 00:00:00.0');
INSERT INTO EMAIL VALUES('00000003', 0, '00000003abc@debugroom.org', 0, '2015-01-01 00:00:00.0');
INSERT INTO EMAIL VALUES('00000003', 1, '00000003efg@debugroom.org', 0, '2015-01-01 00:00:00.0');
INSERT INTO EMAIL VALUES('00000004', 0, '00000004abc@debugroom.org', 0, '2015-01-01 00:00:00.0');
INSERT INTO EMAIL VALUES('00000004', 1, '00000004efg@debugroom.org', 0, '2015-01-01 00:00:00.0');
INSERT INTO EMAIL VALUES('00000005', 0, '00000005abc@debugroom.org', 0, '2015-01-01 00:00:00.0');
INSERT INTO EMAIL VALUES('00000005', 1, '00000005efg@debugroom.org', 0, '2015-01-01 00:00:00.0');
INSERT INTO EMAIL VALUES('00000006', 0, '00000006abc@debugroom.org', 0, '2015-01-01 00:00:00.0');
INSERT INTO EMAIL VALUES('00000006', 1, '00000006efg@debugroom.org', 0, '2015-01-01 00:00:00.0');
INSERT INTO EMAIL VALUES('00000007', 0, '00000007abc@debugroom.org', 0, '2015-01-01 00:00:00.0');
INSERT INTO EMAIL VALUES('00000007', 1, '00000007efg@debugroom.org', 0, '2015-01-01 00:00:00.0');
INSERT INTO EMAIL VALUES('00000008', 0, '00000008abc@debugroom.org', 0, '2015-01-01 00:00:00.0');
INSERT INTO EMAIL VALUES('00000008', 1, '00000008efg@debugroom.org', 0, '2015-01-01 00:00:00.0');
INSERT INTO EMAIL VALUES('00000009', 0, '00000009abc@debugroom.org', 0, '2015-01-01 00:00:00.0');
INSERT INTO EMAIL VALUES('00000009', 1, '00000009efg@debugroom.org', 0, '2015-01-01 00:00:00.0');

INSERT INTO CREDENTIAL VALUES('00000000', 'PASSWORD', '$2a$11$5knhINqfA8BgXY1Xkvdhvu0kOhdlAeN1H/TlJbTbuUPDdqq.H.zzi', '2019-01-01 00:00:00.0', 0, '2015-01-01 00:00:00.0');
INSERT INTO CREDENTIAL VALUES('00000000', 'ACCESSTOKEN', '987654321poiuytrewq', '2016-01-01 00:00:00.0', 0, '2015-01-01 00:00:00.0');
INSERT INTO CREDENTIAL VALUES('00000001', 'PASSWORD', '123456789qwertyuiop', '2019-01-01 00:00:00.0', 0, '2015-01-01 00:00:00.0');
INSERT INTO CREDENTIAL VALUES('00000001', 'ACCESSTOKEN', '987654321poiuytrewq', '2016-01-01 00:00:00.0', 0, '2015-01-01 00:00:00.0');
INSERT INTO CREDENTIAL VALUES('00000002', 'PASSWORD', '123456789qwertyuiop', '2019-01-01 00:00:00.0', 0, '2015-01-01 00:00:00.0');
INSERT INTO CREDENTIAL VALUES('00000002', 'ACCESSTOKEN', '987654321poiuytrewq', '2016-01-01 00:00:00.0', 0, '2015-01-01 00:00:00.0');
INSERT INTO CREDENTIAL VALUES('00000003', 'PASSWORD', '123456789qwertyuiop', '2019-01-01 00:00:00.0', 0, '2015-01-01 00:00:00.0');
INSERT INTO CREDENTIAL VALUES('00000003', 'ACCESSTOKEN', '987654321poiuytrewq', '2016-01-01 00:00:00.0', 0, '2015-01-01 00:00:00.0');
INSERT INTO CREDENTIAL VALUES('00000004', 'PASSWORD', '123456789qwertyuiop', '2019-01-01 00:00:00.0', 0, '2015-01-01 00:00:00.0');
INSERT INTO CREDENTIAL VALUES('00000004', 'ACCESSTOKEN', '987654321poiuytrewq', '2016-01-01 00:00:00.0', 0, '2015-01-01 00:00:00.0');
INSERT INTO CREDENTIAL VALUES('00000005', 'PASSWORD', '123456789qwertyuiop', '2019-01-01 00:00:00.0', 0, '2015-01-01 00:00:00.0');
INSERT INTO CREDENTIAL VALUES('00000005', 'ACCESSTOKEN', '987654321poiuytrewq', '2016-01-01 00:00:00.0', 0, '2015-01-01 00:00:00.0');
INSERT INTO CREDENTIAL VALUES('00000006', 'PASSWORD', '123456789qwertyuiop', '2019-01-01 00:00:00.0', 0, '2015-01-01 00:00:00.0');
INSERT INTO CREDENTIAL VALUES('00000006', 'ACCESSTOKEN', '987654321poiuytrewq', '2016-01-01 00:00:00.0', 0, '2015-01-01 00:00:00.0');
INSERT INTO CREDENTIAL VALUES('00000007', 'PASSWORD', '123456789qwertyuiop', '2019-01-01 00:00:00.0', 0, '2015-01-01 00:00:00.0');
INSERT INTO CREDENTIAL VALUES('00000007', 'ACCESSTOKEN', '987654321poiuytrewq', '2016-01-01 00:00:00.0', 0, '2015-01-01 00:00:00.0');
INSERT INTO CREDENTIAL VALUES('00000008', 'PASSWORD', '123456789qwertyuiop', '2019-01-01 00:00:00.0', 0, '2015-01-01 00:00:00.0');
INSERT INTO CREDENTIAL VALUES('00000008', 'ACCESSTOKEN', '987654321poiuytrewq', '2016-01-01 00:00:00.0', 0, '2015-01-01 00:00:00.0');
INSERT INTO CREDENTIAL VALUES('00000009', 'PASSWORD', '123456789qwertyuiop', '2019-01-01 00:00:00.0', 0, '2015-01-01 00:00:00.0');
INSERT INTO CREDENTIAL VALUES('00000009', 'ACCESSTOKEN', '987654321poiuytrewq', '2016-01-01 00:00:00.0', 0, '2015-01-01 00:00:00.0');

INSERT INTO NOTIFICATION VALUES('00000000', '00000000', false, 0, '2015-01-01 00:00:00.0');
INSERT INTO NOTIFICATION VALUES('00000001', '00000000', false, 0, '2015-01-01 00:00:00.0');
INSERT INTO NOTIFICATION VALUES('00000002', '00000000', false, 0, '2015-01-01 00:00:00.0');
INSERT INTO NOTIFICATION VALUES('00000003', '00000000', false, 0, '2015-01-01 00:00:00.0');
INSERT INTO NOTIFICATION VALUES('00000004', '00000000', false, 0, '2015-01-01 00:00:00.0');
INSERT INTO NOTIFICATION VALUES('00000005', '00000000', false, 0, '2015-01-01 00:00:00.0');
INSERT INTO NOTIFICATION VALUES('00000006', '00000000', false, 0, '2015-01-01 00:00:00.0');
INSERT INTO NOTIFICATION VALUES('00000007', '00000000', false, 0, '2015-01-01 00:00:00.0');
INSERT INTO NOTIFICATION VALUES('00000008', '00000000', false, 0, '2015-01-01 00:00:00.0');
INSERT INTO NOTIFICATION VALUES('00000009', '00000000', false, 0, '2015-01-01 00:00:00.0');
INSERT INTO NOTIFICATION VALUES('00000010', '00000000', false, 0, '2015-01-01 00:00:00.0');
INSERT INTO NOTIFICATION VALUES('00000011', '00000000', false, 0, '2015-01-01 00:00:00.0');
INSERT INTO NOTIFICATION VALUES('00000012', '00000000', false, 0, '2015-01-01 00:00:00.0');
INSERT INTO NOTIFICATION VALUES('00000013', '00000000', false, 0, '2015-01-01 00:00:00.0');
INSERT INTO NOTIFICATION VALUES('00000015', '00000000', false, 0, '2015-01-01 00:00:00.0');
INSERT INTO NOTIFICATION VALUES('00000000', '00000001', false, 0, '2015-01-01 00:00:00.0');
INSERT INTO NOTIFICATION VALUES('00000001', '00000001', false, 0, '2015-01-01 00:00:00.0');
INSERT INTO NOTIFICATION VALUES('00000002', '00000001', false, 0, '2015-01-01 00:00:00.0');
INSERT INTO NOTIFICATION VALUES('00000003', '00000001', false, 0, '2015-01-01 00:00:00.0');
INSERT INTO NOTIFICATION VALUES('00000004', '00000001', false, 0, '2015-01-01 00:00:00.0');
INSERT INTO NOTIFICATION VALUES('00000007', '00000001', false, 0, '2015-01-01 00:00:00.0');
INSERT INTO NOTIFICATION VALUES('00000008', '00000001', false, 0, '2015-01-01 00:00:00.0');
INSERT INTO NOTIFICATION VALUES('00000009', '00000001', false, 0, '2015-01-01 00:00:00.0');
INSERT INTO NOTIFICATION VALUES('00000010', '00000001', false, 0, '2015-01-01 00:00:00.0');
INSERT INTO NOTIFICATION VALUES('00000011', '00000001', false, 0, '2015-01-01 00:00:00.0');
INSERT INTO NOTIFICATION VALUES('00000013', '00000001', false, 0, '2015-01-01 00:00:00.0');
INSERT INTO NOTIFICATION VALUES('00000015', '00000001', false, 0, '2015-01-01 00:00:00.0');
INSERT INTO NOTIFICATION VALUES('00000000', '00000002', false, 0, '2015-01-01 00:00:00.0');
INSERT INTO NOTIFICATION VALUES('00000001', '00000002', false, 0, '2015-01-01 00:00:00.0');
INSERT INTO NOTIFICATION VALUES('00000002', '00000002', false, 0, '2015-01-01 00:00:00.0');
INSERT INTO NOTIFICATION VALUES('00000003', '00000002', false, 0, '2015-01-01 00:00:00.0');
INSERT INTO NOTIFICATION VALUES('00000004', '00000002', false, 0, '2015-01-01 00:00:00.0');
INSERT INTO NOTIFICATION VALUES('00000008', '00000002', false, 0, '2015-01-01 00:00:00.0');
INSERT INTO NOTIFICATION VALUES('00000009', '00000002', false, 0, '2015-01-01 00:00:00.0');
INSERT INTO NOTIFICATION VALUES('00000010', '00000002', false, 0, '2015-01-01 00:00:00.0');
INSERT INTO NOTIFICATION VALUES('00000012', '00000002', false, 0, '2015-01-01 00:00:00.0');
INSERT INTO NOTIFICATION VALUES('00000014', '00000002', false, 0, '2015-01-01 00:00:00.0');
INSERT INTO NOTIFICATION VALUES('00000015', '00000002', false, 0, '2015-01-01 00:00:00.0');
INSERT INTO NOTIFICATION VALUES('00000000', '00000003', false, 0, '2015-01-01 00:00:00.0');
INSERT INTO NOTIFICATION VALUES('00000002', '00000003', false, 0, '2015-01-01 00:00:00.0');
INSERT INTO NOTIFICATION VALUES('00000004', '00000003', false, 0, '2015-01-01 00:00:00.0');
INSERT INTO NOTIFICATION VALUES('00000005', '00000003', false, 0, '2015-01-01 00:00:00.0');
INSERT INTO NOTIFICATION VALUES('00000006', '00000003', false, 0, '2015-01-01 00:00:00.0');
INSERT INTO NOTIFICATION VALUES('00000008', '00000003', false, 0, '2015-01-01 00:00:00.0');
INSERT INTO NOTIFICATION VALUES('00000009', '00000003', false, 0, '2015-01-01 00:00:00.0');
INSERT INTO NOTIFICATION VALUES('00000000', '00000004', false, 0, '2015-01-01 00:00:00.0');
INSERT INTO NOTIFICATION VALUES('00000002', '00000004', false, 0, '2015-01-01 00:00:00.0');
INSERT INTO NOTIFICATION VALUES('00000000', '00000005', false, 0, '2015-01-01 00:00:00.0');
INSERT INTO NOTIFICATION VALUES('00000002', '00000005', false, 0, '2015-01-01 00:00:00.0');
INSERT INTO NOTIFICATION VALUES('00000000', '00000006', false, 0, '2015-01-01 00:00:00.0');
INSERT INTO NOTIFICATION VALUES('00000002', '00000006', false, 0, '2015-01-01 00:00:00.0');
INSERT INTO NOTIFICATION VALUES('00000000', '00000007', false, 0, '2015-01-01 00:00:00.0');
INSERT INTO NOTIFICATION VALUES('00000002', '00000007', false, 0, '2015-01-01 00:00:00.0');
INSERT INTO NOTIFICATION VALUES('00000000', '00000008', false, 0, '2015-01-01 00:00:00.0');
INSERT INTO NOTIFICATION VALUES('00000002', '00000008', false, 0, '2015-01-01 00:00:00.0');
INSERT INTO NOTIFICATION VALUES('00000000', '00000009', false, 0, '2015-01-01 00:00:00.0');
INSERT INTO NOTIFICATION VALUES('00000002', '00000009', false, 0, '2015-01-01 00:00:00.0');

INSERT INTO GRP VALUES('0000000000', 'ChikenBoys1', 0, '2015-01-01 00:00:00.0');
INSERT INTO GRP VALUES('0000000001', 'ChikenBoys2', 0, '2015-01-01 00:00:00.0');
INSERT INTO GRP VALUES('0000000002', 'ChikenBoys3', 0, '2015-01-01 00:00:00.0');
INSERT INTO GRP VALUES('0000000003', 'ChikenBoys4', 0, '2015-01-01 00:00:00.0');
INSERT INTO GRP VALUES('0000000004', 'ChikenBoys5', 0, '2015-01-01 00:00:00.0');
INSERT INTO GRP VALUES('0000000005', 'ChikenBoys6', 0, '2015-01-01 00:00:00.0');
INSERT INTO GRP VALUES('0000000006', 'ChikenBoys7', 0, '2015-01-01 00:00:00.0');
INSERT INTO GRP VALUES('0000000007', 'ChikenBoys8', 0, '2015-01-01 00:00:00.0');
INSERT INTO GRP VALUES('0000000008', 'ChikenBoys9', 0, '2015-01-01 00:00:00.0');
INSERT INTO GRP VALUES('0000000009', 'ChikenBoys10', 0, '2015-01-01 00:00:00.0');
INSERT INTO GRP VALUES('0000000010', 'ChikenBoys11', 0, '2015-01-01 00:00:00.0');

INSERT INTO AFFILIATION VALUES('0000000000', '00000000',  0, '2015-01-01 00:00:00.0');
INSERT INTO AFFILIATION VALUES('0000000000', '00000001',  0, '2015-01-01 00:00:00.0');
INSERT INTO AFFILIATION VALUES('0000000000', '00000002',  0, '2015-01-01 00:00:00.0');
INSERT INTO AFFILIATION VALUES('0000000000', '00000003',  0, '2015-01-01 00:00:00.0');
INSERT INTO AFFILIATION VALUES('0000000000', '00000004',  0, '2015-01-01 00:00:00.0');
INSERT INTO AFFILIATION VALUES('0000000001', '00000000',  0, '2015-01-01 00:00:00.0');
INSERT INTO AFFILIATION VALUES('0000000001', '00000001',  0, '2015-01-01 00:00:00.0');
INSERT INTO AFFILIATION VALUES('0000000001', '00000002',  0, '2015-01-01 00:00:00.0');
INSERT INTO AFFILIATION VALUES('0000000001', '00000003',  0, '2015-01-01 00:00:00.0');
INSERT INTO AFFILIATION VALUES('0000000001', '00000004',  0, '2015-01-01 00:00:00.0');
INSERT INTO AFFILIATION VALUES('0000000002', '00000005',  0, '2015-01-01 00:00:00.0');
INSERT INTO AFFILIATION VALUES('0000000002', '00000006',  0, '2015-01-01 00:00:00.0');
INSERT INTO AFFILIATION VALUES('0000000002', '00000007',  0, '2015-01-01 00:00:00.0');
INSERT INTO AFFILIATION VALUES('0000000002', '00000008',  0, '2015-01-01 00:00:00.0');
INSERT INTO AFFILIATION VALUES('0000000002', '00000009',  0, '2015-01-01 00:00:00.0');
INSERT INTO AFFILIATION VALUES('0000000003', '00000010',  0, '2015-01-01 00:00:00.0');
INSERT INTO AFFILIATION VALUES('0000000003', '00000011',  0, '2015-01-01 00:00:00.0');
INSERT INTO AFFILIATION VALUES('0000000003', '00000012',  0, '2015-01-01 00:00:00.0');
INSERT INTO AFFILIATION VALUES('0000000003', '00000013',  0, '2015-01-01 00:00:00.0');
INSERT INTO AFFILIATION VALUES('0000000003', '00000014',  0, '2015-01-01 00:00:00.0');
INSERT INTO AFFILIATION VALUES('0000000004', '00000015',  0, '2015-01-01 00:00:00.0');
INSERT INTO AFFILIATION VALUES('0000000004', '00000016',  0, '2015-01-01 00:00:00.0');
INSERT INTO AFFILIATION VALUES('0000000004', '00000017',  0, '2015-01-01 00:00:00.0');
INSERT INTO AFFILIATION VALUES('0000000004', '00000018',  0, '2015-01-01 00:00:00.0');
INSERT INTO AFFILIATION VALUES('0000000004', '00000019',  0, '2015-01-01 00:00:00.0');

INSERT INTO REQUEST VALUES ('0000', '結婚式の事前出席確認', '<p>ご多用の中、恐縮に存じますが、結婚式にもご参席賜りたく存じます。</p><p>ご列席いただける場合は、下記のご出席ボタンにてご一報いただきたく存じます。後日、正式にご案内を送らせていただきます。</p> <p>なお、案内のご送付につき、お手数ですが、プロフィールよりご住所の登録をお願いいたします。</p> <div class="alternative-button"><button id="request-button" class="alternative-first-button" name="request.response" type="submit" value="true">ご出席</button><button id="request-button" class="alternative-last-button" name="request.response" type="submit" value="false">ご欠席</button></div>', '2015-01-01 00:00:00.0', 0, '2015-01-01 00:00:00.0');
INSERT INTO REQUEST VALUES ('0001', '披露宴の事前出席確認', '<p>ご多用の中、恐縮に存じますが、披露宴にもご参席賜りたく存じます。</p><p>ご列席いただける場合は、下記のご出席ボタンにてご一報いただきたく存じます。後日、正式にご案内を送らせていただきます。</p> <p>なお、案内のご送付につき、お手数ですが、プロフィールよりご住所の登録をお願いいたします。</p> <div class="alternative-button"><button id="request-button" class="alternative-first-button" name="request.response" type="submit" value="true">ご出席</button><button id="request-button" class="alternative-last-button" name="request.response" type="submit" value="false">ご欠席</button></div>', '2015-01-01 00:00:00.0', 0, '2015-01-01 00:00:00.0');
INSERT INTO REQUEST VALUES ('0002', '宿泊利用確認', '<p>遠方よりお越しの方は、宿泊先を手配致します。ご利用の際は下記ボタンにより、利用有無のご回答をお願い致します。</p> <div class="alternative-button"><button id="request-button" class="alternative-first-button" name="request.response" type="submit" value="true">利用する</button><button id="request-button" class="alternative-last-button" name="request.response" type="submit" value="false">利用しない</button></div>', '2015-01-01 00:00:00.0', 0, '2015-01-01 00:00:00.0');
INSERT INTO REQUEST VALUES ('0003', '2次会の事前出席確認', '<p>ご多用の中、恐縮に存じますが、結婚式2次会にもご参席賜りたく存じます。</p><p>大まかな人数把握のため、ご列席いただける場合は、下記のご出席ボタンにてご一報いただきたく存じます。後日、正式にご案内を送らせていただきます。</p> <p>なお、案内のご送付につき、お手数ですが、プロフィールよりメール登録をお願いいたします。</p> <div class="alternative-button"><button id="request-button" class="alternative-first-button" name="request.response" type="submit" value="true">ご出席</button><button id="request-button" class="alternative-last-button" name="request.response" type="submit" value="false">ご欠席</button></div>', '2015-01-01 00:00:00.0', 0, '2015-01-01 00:00:00.0');

INSERT INTO REQUEST_STATUS VALUES ('0000', '00000000', true, true, 'APPROVE', 0, '2015-01-01 00:00:00.0');
INSERT INTO REQUEST_STATUS VALUES ('0000', '00000001', true, false, 'APPROVE', 0, '2015-01-01 00:00:00.0');
INSERT INTO REQUEST_STATUS VALUES ('0000', '00000002', false, true, '', 0, '2015-01-01 00:00:00.0');
INSERT INTO REQUEST_STATUS VALUES ('0000', '00000003', false, false, '', 0, '2015-01-01 00:00:00.0');
INSERT INTO REQUEST_STATUS VALUES ('0001', '00000000', true, true, 'APPROVE', 0, '2015-01-01 00:00:00.0');
INSERT INTO REQUEST_STATUS VALUES ('0001', '00000001', true, false, 'APPROVE', 0, '2015-01-01 00:00:00.0');
INSERT INTO REQUEST_STATUS VALUES ('0001', '00000002', false, true, '', 0, '2015-01-01 00:00:00.0');
INSERT INTO REQUEST_STATUS VALUES ('0001', '00000003', false, false, '', 0, '2015-01-01 00:00:00.0');
INSERT INTO REQUEST_STATUS VALUES ('0002', '00000000', true, true, 'APPROVE', 0, '2015-01-01 00:00:00.0');
INSERT INTO REQUEST_STATUS VALUES ('0002', '00000001', true, false, 'APPROVE', 0, '2015-01-01 00:00:00.0');
INSERT INTO REQUEST_STATUS VALUES ('0002', '00000002', false, true, '', 0, '2015-01-01 00:00:00.0');
INSERT INTO REQUEST_STATUS VALUES ('0002', '00000003', false, false, '', 0, '2015-01-01 00:00:00.0');
INSERT INTO REQUEST_STATUS VALUES ('0003', '00000000', true, true, 'APPROVE', 0, '2015-01-01 00:00:00.0');
INSERT INTO REQUEST_STATUS VALUES ('0003', '00000001', true, false, 'APPROVE', 0, '2015-01-01 00:00:00.0');
INSERT INTO REQUEST_STATUS VALUES ('0003', '00000002', false, true, '', 0, '2015-01-01 00:00:00.0');
INSERT INTO REQUEST_STATUS VALUES ('0003', '00000003', false, false, '', 0, '2015-01-01 00:00:00.0');

INSERT INTO PHOTO VALUES('0000000000', '00000000/image/original/debugroom-room.jpg',  '00000000/image/thumbnail/debugroom-room.jpg', false, 0, '2015-01-01 00:00:00.0');
INSERT INTO PHOTO VALUES('0000000001', '00000000/image/original/bullon-1.jpg',  '00000000/image/thumbnail/bullon-1.jpg', false, 0, '2015-01-01 00:00:00.0');
INSERT INTO PHOTO VALUES('0000000002', '00000000/image/original/bullon-2.jpg',  '00000000/image/thumbnail/bullon-2.jpg', false, 0, '2015-01-01 00:00:00.0');
INSERT INTO PHOTO VALUES('0000000003', '00000000/image/original/newyork-1.jpg',  '00000000/image/thumbnail/newyork-1.jpg', false, 0, '2015-01-01 00:00:00.0');
INSERT INTO PHOTO VALUES('0000000004', '00000000/image/original/newyork-2.jpg',  '00000000/image/thumbnail/newyork-2.jpg', false, 0, '2015-01-01 00:00:00.0');
INSERT INTO PHOTO VALUES('0000000005', '00000000/image/original/newyork-3.jpg',  '00000000/image/thumbnail/newyork-3.jpg', false, 0, '2015-01-01 00:00:00.0');
INSERT INTO PHOTO VALUES('0000000006', '00000000/image/original/wall-street.jpg',  '00000000/image/thumbnail/wall-street.jpg', false, 0, '2015-01-01 00:00:00.0');
INSERT INTO PHOTO VALUES('0000000007', '00000000/image/original/naiagara-falls.jpg',  '00000000/image/thumbnail/naiagara-falls.jpg', false, 0, '2015-01-01 00:00:00.0');
INSERT INTO PHOTO VALUES('0000000008', '00000000/image/original/white-house.jpg',  '00000000/image/thumbnail/white-house.jpg', false, 0, '2015-01-01 00:00:00.0');
INSERT INTO PHOTO VALUES('0000000009', '00000000/image/original/hollywood.jpg',  '00000000/image/thumbnail/hollywood.jpg', false, 0, '2015-01-01 00:00:00.0');
INSERT INTO PHOTO VALUES('0000000010', '00000000/image/original/grand-canion-1.jpg',  '00000000/image/thumbnail/grand-canion-1.jpg', false, 0, '2015-01-01 00:00:00.0');
INSERT INTO PHOTO VALUES('0000000011', '00000000/image/original/grand-canion-2.jpg',  '00000000/image/thumbnail/grand-canion-2.jpg', false, 0, '2015-01-01 00:00:00.0');
INSERT INTO PHOTO VALUES('0000000012', '00000000/image/original/las-vegas.jpg',  '00000000/image/thumbnail/las-vegas.jpg', false, 0, '2015-01-01 00:00:00.0');
INSERT INTO PHOTO VALUES('0000000013', '00000000/image/original/turkey-1.jpg',  '00000000/image/thumbnail/turkey-1.jpg', false, 0, '2015-01-01 00:00:00.0');
INSERT INTO PHOTO VALUES('0000000014', '00000000/image/original/turkey-2.jpg',  '00000000/image/thumbnail/turkey-2.jpg', false, 0, '2015-01-01 00:00:00.0');
INSERT INTO PHOTO VALUES('0000000015', '00000000/image/original/turkey-3.jpg',  '00000000/image/thumbnail/turkey-3.jpg', false, 0, '2015-01-01 00:00:00.0');

INSERT INTO PHOTO_RELATED_USER VALUES('0000000000', '00000000',  0, '2015-01-01 00:00:00.0');
INSERT INTO PHOTO_RELATED_USER VALUES('0000000001', '00000000',  0, '2015-01-01 00:00:00.0');
INSERT INTO PHOTO_RELATED_USER VALUES('0000000002', '00000000',  0, '2015-01-01 00:00:00.0');
INSERT INTO PHOTO_RELATED_USER VALUES('0000000003', '00000000',  0, '2015-01-01 00:00:00.0');
INSERT INTO PHOTO_RELATED_USER VALUES('0000000004', '00000000',  0, '2015-01-01 00:00:00.0');
INSERT INTO PHOTO_RELATED_USER VALUES('0000000005', '00000000',  0, '2015-01-01 00:00:00.0');
INSERT INTO PHOTO_RELATED_USER VALUES('0000000006', '00000000',  0, '2015-01-01 00:00:00.0');
INSERT INTO PHOTO_RELATED_USER VALUES('0000000007', '00000000',  0, '2015-01-01 00:00:00.0');
INSERT INTO PHOTO_RELATED_USER VALUES('0000000008', '00000000',  0, '2015-01-01 00:00:00.0');
INSERT INTO PHOTO_RELATED_USER VALUES('0000000009', '00000000',  0, '2015-01-01 00:00:00.0');
INSERT INTO PHOTO_RELATED_USER VALUES('0000000010', '00000000',  0, '2015-01-01 00:00:00.0');
INSERT INTO PHOTO_RELATED_USER VALUES('0000000011', '00000000',  0, '2015-01-01 00:00:00.0');
INSERT INTO PHOTO_RELATED_USER VALUES('0000000012', '00000000',  0, '2015-01-01 00:00:00.0');
INSERT INTO PHOTO_RELATED_USER VALUES('0000000013', '00000000',  0, '2015-01-01 00:00:00.0');
INSERT INTO PHOTO_RELATED_USER VALUES('0000000014', '00000000',  0, '2015-01-01 00:00:00.0');
INSERT INTO PHOTO_RELATED_USER VALUES('0000000015', '00000000',  0, '2015-01-01 00:00:00.0');
INSERT INTO PHOTO_RELATED_USER VALUES('0000000000', '00000001',  0, '2015-01-01 00:00:00.0');
INSERT INTO PHOTO_RELATED_USER VALUES('0000000001', '00000001',  0, '2015-01-01 00:00:00.0');
INSERT INTO PHOTO_RELATED_USER VALUES('0000000002', '00000001',  0, '2015-01-01 00:00:00.0');
INSERT INTO PHOTO_RELATED_USER VALUES('0000000003', '00000001',  0, '2015-01-01 00:00:00.0');
INSERT INTO PHOTO_RELATED_USER VALUES('0000000004', '00000001',  0, '2015-01-01 00:00:00.0');
INSERT INTO PHOTO_RELATED_USER VALUES('0000000005', '00000001',  0, '2015-01-01 00:00:00.0');
INSERT INTO PHOTO_RELATED_USER VALUES('0000000006', '00000001',  0, '2015-01-01 00:00:00.0');
INSERT INTO PHOTO_RELATED_USER VALUES('0000000007', '00000001',  0, '2015-01-01 00:00:00.0');
INSERT INTO PHOTO_RELATED_USER VALUES('0000000008', '00000001',  0, '2015-01-01 00:00:00.0');
INSERT INTO PHOTO_RELATED_USER VALUES('0000000009', '00000001',  0, '2015-01-01 00:00:00.0');

INSERT INTO FOLDER VALUES('000000000000', '全ユーザ公開フォルダ', null, 0, '2015-01-01 00:00:00.0', '00000000');
INSERT INTO FOLDER VALUES('000000000001', 'グループAフォルダ', null, 0, '2015-01-01 00:00:00.0', '00000000');
INSERT INTO FOLDER VALUES('000000000002', 'グループBフォルダ', null, 0, '2015-01-01 00:00:00.0', '00000000');
INSERT INTO FOLDER VALUES('000000000003', 'グループCフォルダ', null, 0, '2015-01-01 00:00:00.0', '00000000');
INSERT INTO FOLDER VALUES('000000000004', 'グループDフォルダ', null, 0, '2015-01-01 00:00:00.0', '00000001');

INSERT INTO USER_RELATED_FOLDER VALUES('000000000000', '00000000',  0, '2015-01-01 00:00:00.0');
INSERT INTO USER_RELATED_FOLDER VALUES('000000000000', '00000001',  0, '2015-01-01 00:00:00.0');
INSERT INTO USER_RELATED_FOLDER VALUES('000000000000', '00000002',  0, '2015-01-01 00:00:00.0');
INSERT INTO USER_RELATED_FOLDER VALUES('000000000000', '00000003',  0, '2015-01-01 00:00:00.0');
INSERT INTO USER_RELATED_FOLDER VALUES('000000000000', '00000004',  0, '2015-01-01 00:00:00.0');
INSERT INTO USER_RELATED_FOLDER VALUES('000000000000', '00000005',  0, '2015-01-01 00:00:00.0');
INSERT INTO USER_RELATED_FOLDER VALUES('000000000000', '00000006',  0, '2015-01-01 00:00:00.0');
INSERT INTO USER_RELATED_FOLDER VALUES('000000000000', '00000007',  0, '2015-01-01 00:00:00.0');
INSERT INTO USER_RELATED_FOLDER VALUES('000000000000', '00000008',  0, '2015-01-01 00:00:00.0');
INSERT INTO USER_RELATED_FOLDER VALUES('000000000000', '00000009',  0, '2015-01-01 00:00:00.0');
INSERT INTO USER_RELATED_FOLDER VALUES('000000000000', '00000010',  0, '2015-01-01 00:00:00.0');
INSERT INTO USER_RELATED_FOLDER VALUES('000000000000', '00000011',  0, '2015-01-01 00:00:00.0');
INSERT INTO USER_RELATED_FOLDER VALUES('000000000000', '00000012',  0, '2015-01-01 00:00:00.0');
INSERT INTO USER_RELATED_FOLDER VALUES('000000000000', '00000013',  0, '2015-01-01 00:00:00.0');
INSERT INTO USER_RELATED_FOLDER VALUES('000000000000', '00000014',  0, '2015-01-01 00:00:00.0');
INSERT INTO USER_RELATED_FOLDER VALUES('000000000000', '00000015',  0, '2015-01-01 00:00:00.0');
INSERT INTO USER_RELATED_FOLDER VALUES('000000000000', '00000016',  0, '2015-01-01 00:00:00.0');
INSERT INTO USER_RELATED_FOLDER VALUES('000000000000', '00000017',  0, '2015-01-01 00:00:00.0');
INSERT INTO USER_RELATED_FOLDER VALUES('000000000000', '00000018',  0, '2015-01-01 00:00:00.0');
INSERT INTO USER_RELATED_FOLDER VALUES('000000000000', '00000019',  0, '2015-01-01 00:00:00.0');
INSERT INTO USER_RELATED_FOLDER VALUES('000000000000', '00000020',  0, '2015-01-01 00:00:00.0');
INSERT INTO USER_RELATED_FOLDER VALUES('000000000000', '00000021',  0, '2015-01-01 00:00:00.0');
INSERT INTO USER_RELATED_FOLDER VALUES('000000000001', '00000000',  0, '2015-01-01 00:00:00.0');
INSERT INTO USER_RELATED_FOLDER VALUES('000000000001', '00000001',  0, '2015-01-01 00:00:00.0');
INSERT INTO USER_RELATED_FOLDER VALUES('000000000001', '00000002',  0, '2015-01-01 00:00:00.0');
INSERT INTO USER_RELATED_FOLDER VALUES('000000000001', '00000003',  0, '2015-01-01 00:00:00.0');
INSERT INTO USER_RELATED_FOLDER VALUES('000000000002', '00000000',  0, '2015-01-01 00:00:00.0');
INSERT INTO USER_RELATED_FOLDER VALUES('000000000002', '00000004',  0, '2015-01-01 00:00:00.0');
INSERT INTO USER_RELATED_FOLDER VALUES('000000000002', '00000005',  0, '2015-01-01 00:00:00.0');
INSERT INTO USER_RELATED_FOLDER VALUES('000000000002', '00000006',  0, '2015-01-01 00:00:00.0');

INSERT INTO PHOTO_RELATED_FOLDER VALUES('0000000000', '000000000000',  0, '2015-01-01 00:00:00.0');
INSERT INTO PHOTO_RELATED_FOLDER VALUES('0000000001', '000000000000',  0, '2015-01-01 00:00:00.0');
INSERT INTO PHOTO_RELATED_FOLDER VALUES('0000000002', '000000000000',  0, '2015-01-01 00:00:00.0');
INSERT INTO PHOTO_RELATED_FOLDER VALUES('0000000003', '000000000000',  0, '2015-01-01 00:00:00.0');
INSERT INTO PHOTO_RELATED_FOLDER VALUES('0000000004', '000000000000',  0, '2015-01-01 00:00:00.0');
INSERT INTO PHOTO_RELATED_FOLDER VALUES('0000000005', '000000000000',  0, '2015-01-01 00:00:00.0');
INSERT INTO PHOTO_RELATED_FOLDER VALUES('0000000006', '000000000000',  0, '2015-01-01 00:00:00.0');
INSERT INTO PHOTO_RELATED_FOLDER VALUES('0000000007', '000000000000',  0, '2015-01-01 00:00:00.0');
INSERT INTO PHOTO_RELATED_FOLDER VALUES('0000000008', '000000000000',  0, '2015-01-01 00:00:00.0');
INSERT INTO PHOTO_RELATED_FOLDER VALUES('0000000009', '000000000000',  0, '2015-01-01 00:00:00.0');
INSERT INTO PHOTO_RELATED_FOLDER VALUES('0000000010', '000000000000',  0, '2015-01-01 00:00:00.0');
INSERT INTO PHOTO_RELATED_FOLDER VALUES('0000000011', '000000000001',  0, '2015-01-01 00:00:00.0');
INSERT INTO PHOTO_RELATED_FOLDER VALUES('0000000012', '000000000001',  0, '2015-01-01 00:00:00.0');
INSERT INTO PHOTO_RELATED_FOLDER VALUES('0000000013', '000000000001',  0, '2015-01-01 00:00:00.0');
INSERT INTO PHOTO_RELATED_FOLDER VALUES('0000000014', '000000000001',  0, '2015-01-01 00:00:00.0');
INSERT INTO PHOTO_RELATED_FOLDER VALUES('0000000015', '000000000002',  0, '2015-01-01 00:00:00.0');

INSERT INTO MOVIE VALUES('0000000000', '00000001/movie/original/movie-9m.MOV',  '00000001/movie/thumbnail/movie-9m.jpg', false, 0, '2015-01-01 00:00:00.0');
INSERT INTO MOVIE VALUES('0000000001', '00000001/movie/original/movie-10m.MOV',  '00000001/movie/thumbnail/movie-10m.jpg', false, 0, '2015-01-01 00:00:00.0');
INSERT INTO MOVIE VALUES('0000000002', '00000001/movie/original/movie-23m.MOV',  '00000001/movie/thumbnail/movie-23m.jpg', false, 0, '2015-01-01 00:00:00.0');
INSERT INTO MOVIE VALUES('0000000003', '00000001/movie/original/movie-61m.MOV',  '00000001/movie/thumbnail/movie-61m.jpg', false, 0, '2015-01-01 00:00:00.0');
INSERT INTO MOVIE VALUES('0000000004', '00000001/movie/original/movie-171m.MOV',  '00000001/movie/thumbnail/movie-171m.jpg', false, 0, '2015-01-01 00:00:00.0');
INSERT INTO MOVIE VALUES('0000000005', '00000001/movie/original/movie-226m.mp4',  '00000001/movie/thumbnail/movie-226m.jpg', false, 0, '2015-01-01 00:00:00.0');
INSERT INTO MOVIE VALUES('0000000006', '00000001/movie/original/movie-364m.m4v',  '00000001/movie/thumbnail/movie-364m.jpg', false, 0, '2015-01-01 00:00:00.0');
INSERT INTO MOVIE VALUES('0000000007', '00000001/movie/original/movie-2_5g.mp4',  '00000001/movie/thumbnail/movie-2_5g.jpg', false, 0, '2015-01-01 00:00:00.0');

INSERT INTO MOVIE_RELATED_USER VALUES('0000000000', '00000000',  0, '2015-01-01 00:00:00.0');
INSERT INTO MOVIE_RELATED_USER VALUES('0000000000', '00000001',  0, '2015-01-01 00:00:00.0');
INSERT INTO MOVIE_RELATED_USER VALUES('0000000001', '00000000',  0, '2015-01-01 00:00:00.0');
INSERT INTO MOVIE_RELATED_USER VALUES('0000000001', '00000001',  0, '2015-01-01 00:00:00.0');
INSERT INTO MOVIE_RELATED_USER VALUES('0000000002', '00000000',  0, '2015-01-01 00:00:00.0');
INSERT INTO MOVIE_RELATED_USER VALUES('0000000002', '00000001',  0, '2015-01-01 00:00:00.0');
INSERT INTO MOVIE_RELATED_USER VALUES('0000000003', '00000000',  0, '2015-01-01 00:00:00.0');
INSERT INTO MOVIE_RELATED_USER VALUES('0000000003', '00000001',  0, '2015-01-01 00:00:00.0');
INSERT INTO MOVIE_RELATED_USER VALUES('0000000004', '00000000',  0, '2015-01-01 00:00:00.0');
INSERT INTO MOVIE_RELATED_USER VALUES('0000000004', '00000001',  0, '2015-01-01 00:00:00.0');
INSERT INTO MOVIE_RELATED_USER VALUES('0000000005', '00000000',  0, '2015-01-01 00:00:00.0');
INSERT INTO MOVIE_RELATED_USER VALUES('0000000005', '00000001',  0, '2015-01-01 00:00:00.0');
INSERT INTO MOVIE_RELATED_USER VALUES('0000000006', '00000000',  0, '2015-01-01 00:00:00.0');
INSERT INTO MOVIE_RELATED_USER VALUES('0000000006', '00000001',  0, '2015-01-01 00:00:00.0');
INSERT INTO MOVIE_RELATED_USER VALUES('0000000007', '00000000',  0, '2015-01-01 00:00:00.0');
INSERT INTO MOVIE_RELATED_USER VALUES('0000000007', '00000001',  0, '2015-01-01 00:00:00.0');

INSERT INTO MOVIE_RELATED_FOLDER VALUES('0000000001', '000000000000',  0, '2015-01-01 00:00:00.0');
INSERT INTO MOVIE_RELATED_FOLDER VALUES('0000000002', '000000000000',  0, '2015-01-01 00:00:00.0');
INSERT INTO MOVIE_RELATED_FOLDER VALUES('0000000003', '000000000000',  0, '2015-01-01 00:00:00.0');
INSERT INTO MOVIE_RELATED_FOLDER VALUES('0000000004', '000000000000',  0, '2015-01-01 00:00:00.0');
INSERT INTO MOVIE_RELATED_FOLDER VALUES('0000000005', '000000000000',  0, '2015-01-01 00:00:00.0');
INSERT INTO MOVIE_RELATED_FOLDER VALUES('0000000006', '000000000000',  0, '2015-01-01 00:00:00.0');
INSERT INTO MOVIE_RELATED_FOLDER VALUES('0000000007', '000000000000',  0, '2015-01-01 00:00:00.0');
INSERT INTO MOVIE_RELATED_FOLDER VALUES('0000000000', '000000000001',  0, '2015-01-01 00:00:00.0');
INSERT INTO MOVIE_RELATED_FOLDER VALUES('0000000001', '000000000001',  0, '2015-01-01 00:00:00.0');
INSERT INTO MOVIE_RELATED_FOLDER VALUES('0000000002', '000000000001',  0, '2015-01-01 00:00:00.0');
INSERT INTO MOVIE_RELATED_FOLDER VALUES('0000000003', '000000000001',  0, '2015-01-01 00:00:00.0');
INSERT INTO MOVIE_RELATED_FOLDER VALUES('0000000004', '000000000001',  0, '2015-01-01 00:00:00.0');
INSERT INTO MOVIE_RELATED_FOLDER VALUES('0000000005', '000000000001',  0, '2015-01-01 00:00:00.0');
INSERT INTO MOVIE_RELATED_FOLDER VALUES('0000000006', '000000000001',  0, '2015-01-01 00:00:00.0');
INSERT INTO MOVIE_RELATED_FOLDER VALUES('0000000007', '000000000001',  0, '2015-01-01 00:00:00.0');
INSERT INTO MOVIE_RELATED_FOLDER VALUES('0000000007', '000000000002',  0, '2015-01-01 00:00:00.0');
